,year,week,provinceID,SMN,SMT,VCI,TCI,VHI
0,1982,01,7,0.070,255.79,27.63,78.38,53.0
1,1982,02,7,0.073,257.68,30.82,71.96,51.39
2,1982,03,7,0.077,259.75,33.88,64.97,49.42
3,1982,04,7,0.080,261.9,34.23,58.57,46.4
4,1982,05,7,0.082,263.84,32.05,53.87,42.96
5,1982,06,7,0.083,265.41,29.69,51.25,40.47
6,1982,07,7,0.089,267.1,30.04,48.41,39.22
7,1982,08,7,0.095,268.85,31.34,47.04,39.19
8,1982,09,7,0.101,270.94,31.32,46.34,38.83
9,1982,10,7,0.108,273.46,31.52,44.29,37.91
10,1982,11,7,0.117,275.6,31.46,44.28,37.87
11,1982,12,7,0.129,277.57,31.71,46.79,39.25
12,1982,13,7,0.138,278.84,29.18,50.77,39.98
13,1982,14,7,0.147,279.42,24.5,58.92,41.71
14,1982,15,7,0.151,279.89,17.62,67.75,42.68
15,1982,16,7,0.164,281.07,13.68,72.6,43.14
16,1982,17,7,0.187,282.77,12.8,72.57,42.69
17,1982,18,7,0.217,284.86,14.22,68.78,41.5
18,1982,19,7,0.265,287.5,20.49,56.2,38.35
19,1982,20,7,0.304,289.54,24.35,46.8,35.57
20,1982,21,7,0.333,290.45,25.07,47.24,36.15
21,1982,22,7,0.350,290.68,22.33,50.22,36.27
22,1982,23,7,0.354,290.57,19.15,54.24,36.69
23,1982,24,7,0.359,290.48,17.7,57.83,37.77
24,1982,25,7,0.371,290.53,20.21,59.97,40.09
25,1982,26,7,0.377,290.67,20.46,61.98,41.22
26,1982,27,7,0.385,291.04,21.78,63.83,42.8
27,1982,28,7,0.386,291.34,23.98,65.48,44.73
28,1982,29,7,0.392,291.91,30.81,59.97,45.39
29,1982,30,7,0.395,292.25,33.97,57.1,45.54
30,1982,31,7,0.392,292.58,31.15,53.28,42.22
31,1982,32,7,0.396,293.1,32.88,44.96,38.92
32,1982,33,7,0.401,293.29,35.71,38.12,36.92
33,1982,34,7,0.396,293.04,35.78,35.82,35.8
34,1982,35,7,0.388,292.86,38.49,29.19,33.84
35,1982,36,7,0.378,292.74,43.39,19.53,31.46
36,1982,37,7,0.360,292.07,44.78,15.16,29.97
37,1982,38,7,0.345,290.9,44.25,13.13,28.69
38,1982,39,7,0.323,289.37,40.33,13.92,27.13
39,1982,40,7,0.302,287.67,34.94,16.28,25.61
40,1982,41,7,0.286,286.19,34.73,14.55,24.64
41,1982,42,7,0.273,284.73,40.27,15.49,27.88
42,1982,43,7,0.254,283.09,44.96,16.74,30.85
43,1982,44,7,0.231,281.35,48.23,15.47,31.85
44,1982,45,7,0.209,279.65,50.79,14.5,32.64
45,1982,46,7,0.185,277.87,50.96,15.94,33.45
46,1982,47,7,0.160,275.71,49.72,19.49,34.61
47,1982,48,7,0.138,273.47,47.07,24.1,35.58
48,1982,49,7,0.122,271.13,44.03,28.51,36.27
49,1982,50,7,0.106,268.63,41.18,31.98,36.58
50,1982,51,7,0.090,265.94,38.02,37.9,37.96
51,1982,52,7,0.079,264.47,33.6,41.96,37.78
52,1983,01,7,0.073,264.21,29.75,43.86,36.81
53,1983,02,7,0.073,265.34,31.69,40.41,36.05
54,1983,03,7,0.078,267.05,35.99,35.67,35.83
55,1983,04,7,0.082,268.29,37.31,35.16,36.24
56,1983,05,7,0.085,268.77,34.91,38.65,36.78
57,1983,06,7,0.085,269.21,30.58,41.51,36.04
58,1983,07,7,0.086,270.34,28.15,41.23,34.69
59,1983,08,7,0.089,271.89,27.43,41.08,34.25
60,1983,09,7,0.095,273.15,27.5,43.01,35.26
61,1983,10,7,0.102,274.85,27.53,42.59,35.06
62,1983,11,7,0.108,276.04,26.71,45.41,36.06
63,1983,12,7,0.118,277.12,26.77,51.53,39.15
64,1983,13,7,0.132,278.15,26.77,56.92,41.85
65,1983,14,7,0.151,279.36,26.69,60.89,43.79
66,1983,15,7,0.174,280.89,27.55,61.52,44.54
67,1983,16,7,0.201,282.63,29.2,61.14,45.17
68,1983,17,7,0.232,284.32,30.98,61.03,46.01
69,1983,18,7,0.272,286.03,36.15,59.23,47.69
70,1983,19,7,0.311,287.38,40.27,57.65,48.96
71,1983,20,7,0.350,289.09,44.55,51.12,47.83
72,1983,21,7,0.377,289.96,45.21,51.41,48.31
73,1983,22,7,0.397,290.52,44.25,51.34,47.79
74,1983,23,7,0.409,290.81,44.02,51.78,47.9
75,1983,24,7,0.400,290.31,35.98,59.65,47.81
76,1983,25,7,0.396,290.38,30.98,61.94,46.46
77,1983,26,7,0.393,290.57,26.66,64.11,45.38
78,1983,27,7,0.387,290.65,20.86,70.03,45.45
79,1983,28,7,0.366,290.36,13.26,79.24,46.25
80,1983,29,7,0.350,290.0,9.92,85.13,47.52
81,1983,30,7,0.341,289.93,8.59,86.15,47.37
82,1983,31,7,0.355,290.31,12.51,82.6,47.56
83,1983,32,7,0.370,290.87,18.85,74.9,46.88
84,1983,33,7,0.391,291.55,29.31,62.02,45.67
85,1983,34,7,0.410,291.85,41.46,51.87,46.66
86,1983,35,7,0.420,292.31,53.48,35.83,44.65
87,1983,36,7,0.417,292.08,61.22,26.15,43.69
88,1983,37,7,0.398,291.4,61.32,20.99,41.15
89,1983,38,7,0.382,290.7,60.18,14.7,37.44
90,1983,39,7,0.364,289.31,58.46,13.93,36.2
91,1983,40,7,0.334,287.33,50.46,18.88,34.67
92,1983,41,7,0.300,285.24,42.53,23.36,32.94
93,1983,42,7,0.260,283.04,35.07,30.31,32.69
94,1983,43,7,0.218,280.94,28.26,33.32,30.79
95,1983,44,7,0.180,277.96,22.9,39.09,31.0
96,1983,45,7,0.150,274.85,20.57,43.32,31.95
97,1983,46,7,0.124,271.74,20.36,47.58,33.97
98,1983,47,7,0.104,269.04,21.02,50.94,35.98
99,1983,48,7,0.086,267.49,20.24,50.82,35.53
100,1983,49,7,0.072,265.85,17.24,51.46,34.35
101,1983,50,7,0.061,264.39,15.16,50.27,32.71
102,1983,51,7,0.058,264.32,18.05,44.71,31.38
103,1983,52,7,0.061,264.24,21.85,42.58,32.22
104,1984,01,7,0.065,263.85,24.87,44.75,34.81
105,1984,02,7,0.065,263.11,26.22,48.57,37.4
106,1984,03,7,0.062,261.79,24.6,55.99,40.3
107,1984,04,7,0.059,261.44,20.77,60.63,40.7
108,1984,05,7,0.058,260.97,17.12,66.74,41.93
109,1984,06,7,0.056,260.41,13.66,72.25,42.96
110,1984,07,7,0.055,260.46,11.63,75.2,43.41
111,1984,08,7,0.056,261.09,11.33,77.67,44.5
112,1984,09,7,0.060,262.52,11.37,79.25,45.31
113,1984,10,7,0.064,263.62,10.82,82.22,46.52
114,1984,11,7,0.069,265.74,10.62,84.08,47.35
115,1984,12,7,0.082,269.78,12.36,81.47,46.92
116,1984,13,7,0.102,273.69,14.55,77.86,46.21
117,1984,14,7,0.127,277.43,16.29,71.15,43.72
118,1984,15,7,0.145,280.3,14.77,65.4,40.09
119,1984,16,7,0.162,282.52,12.59,62.34,37.46
120,1984,17,7,0.181,284.51,10.43,59.39,34.91
121,1984,18,7,0.209,286.18,11.46,57.08,34.27
122,1984,19,7,0.240,286.95,12.52,60.34,36.43
123,1984,20,7,0.275,287.43,15.05,65.92,40.49
124,1984,21,7,0.310,287.94,17.47,71.13,44.3
125,1984,22,7,0.342,288.23,21.03,73.79,47.41
126,1984,23,7,0.359,287.88,23.07,79.73,51.4
127,1984,24,7,0.378,288.08,28.27,82.21,55.24
128,1984,25,7,0.397,288.78,33.79,79.45,56.62
129,1984,26,7,0.410,289.37,36.09,78.24,57.16
130,1984,27,7,0.420,290.14,37.2,76.41,56.81
131,1984,28,7,0.427,290.74,42.56,74.46,58.51
132,1984,29,7,0.434,291.35,49.31,68.78,59.05
133,1984,30,7,0.439,291.82,53.03,64.21,58.62
134,1984,31,7,0.434,291.9,49.96,63.09,56.53
135,1984,32,7,0.433,291.85,50.13,62.32,56.22
136,1984,33,7,0.429,291.35,49.31,65.04,57.17
137,1984,34,7,0.421,290.86,48.33,65.66,56.99
138,1984,35,7,0.405,290.23,46.94,62.04,54.49
139,1984,36,7,0.378,289.34,43.97,55.59,49.78
140,1984,37,7,0.351,288.53,41.94,47.55,44.75
141,1984,38,7,0.324,287.76,36.64,41.76,39.2
142,1984,39,7,0.295,286.35,29.53,41.43,35.48
143,1984,40,7,0.270,284.95,21.67,42.56,32.11
144,1984,41,7,0.251,283.62,19.65,39.62,29.64
145,1984,42,7,0.230,282.44,21.1,35.79,28.45
146,1984,43,7,0.202,280.63,20.87,35.87,28.37
147,1984,44,7,0.169,278.34,17.01,36.33,26.67
148,1984,45,7,0.143,275.07,16.75,41.14,28.94
149,1984,46,7,0.118,271.51,16.62,47.46,32.04
150,1984,47,7,0.099,269.0,18.31,49.73,34.02
151,1984,48,7,0.087,267.4,20.82,50.26,35.54
152,1984,49,7,0.082,267.91,22.99,42.06,32.52
153,1985,09,7,0.083,268.8,23.52,49.11,36.32
154,1985,10,7,0.086,268.21,22.5,57.73,40.11
155,1985,11,7,0.099,270.62,24.69,59.03,41.86
156,1985,12,7,0.118,273.7,27.97,59.51,43.74
157,1985,13,7,0.144,277.75,32.18,53.3,42.74
158,1985,14,7,0.173,281.85,35.46,41.63,38.55
159,1985,15,7,0.202,285.15,38.35,28.34,33.34
160,1985,16,7,0.230,287.4,39.86,22.48,31.17
161,1985,17,7,0.256,288.73,38.98,24.83,31.91
162,1985,18,7,0.280,289.74,37.57,26.36,31.96
163,1985,19,7,0.310,290.65,38.43,26.57,32.5
164,1985,20,7,0.342,291.23,40.29,29.7,34.99
165,1985,21,7,0.364,290.88,39.03,42.42,40.73
166,1985,22,7,0.379,290.58,36.86,50.66,43.76
167,1985,23,7,0.386,290.15,34.96,57.52,46.24
168,1985,24,7,0.381,289.25,30.0,69.61,49.81
169,1985,25,7,0.382,289.22,28.08,73.61,50.85
170,1985,26,7,0.387,289.63,27.34,73.26,50.3
171,1985,27,7,0.398,290.41,29.13,71.43,50.28
172,1985,28,7,0.408,291.29,35.13,66.57,50.85
173,1985,29,7,0.419,292.17,42.97,57.81,50.39
174,1985,30,7,0.429,292.99,48.77,49.48,49.12
175,1985,31,7,0.438,293.79,51.59,38.68,45.13
176,1985,32,7,0.449,294.42,57.46,28.45,42.95
177,1985,33,7,0.450,294.53,59.04,22.32,40.68
178,1985,34,7,0.441,294.21,57.6,21.44,39.52
179,1985,35,7,0.427,293.09,57.21,27.14,42.17
180,1985,36,7,0.418,291.67,61.55,31.39,46.47
181,1985,37,7,0.402,290.1,63.07,33.6,48.33
182,1985,38,7,0.387,288.78,62.01,32.81,47.41
183,1985,39,7,0.367,287.17,59.39,34.24,46.81
184,1985,40,7,0.337,285.0,50.88,42.69,46.78
185,1985,41,7,0.298,282.82,40.61,48.39,44.5
186,1985,42,7,0.262,281.22,34.74,46.91,40.82
187,1985,43,7,0.226,279.28,31.76,46.04,38.9
188,1985,44,7,0.194,277.05,29.51,45.49,37.5
189,1985,45,7,0.161,274.63,26.09,44.49,35.29
190,1985,46,7,0.121,271.13,18.14,50.43,34.28
191,1985,47,7,0.090,268.55,12.96,52.91,32.93
192,1985,48,7,0.071,266.83,11.68,53.2,32.44
193,1985,49,7,0.066,266.0,12.91,49.75,31.33
194,1985,50,7,0.063,265.57,15.11,43.47,29.29
195,1985,51,7,0.060,264.9,17.83,40.07,28.95
196,1985,52,7,0.056,263.8,17.16,42.32,29.74
197,1986,01,7,0.053,262.74,15.3,47.53,31.42
198,1986,02,7,0.056,262.66,18.19,49.04,33.61
199,1986,03,7,0.060,263.53,21.53,47.64,34.59
200,1986,04,7,0.064,264.14,23.44,49.43,36.43
201,1986,05,7,0.065,264.09,21.19,55.42,38.31
202,1986,06,7,0.065,264.4,18.95,58.63,38.79
203,1986,07,7,0.065,264.7,16.93,61.77,39.35
204,1986,08,7,0.063,265.65,15.3,63.92,39.61
205,1986,09,7,0.068,267.61,16.19,63.27,39.73
206,1986,10,7,0.082,270.42,19.78,58.1,38.94
207,1986,11,7,0.101,273.93,25.19,50.91,38.05
208,1986,12,7,0.123,277.6,29.95,45.34,37.64
209,1986,13,7,0.146,280.87,32.9,37.92,35.41
210,1986,14,7,0.178,283.53,37.68,30.32,34.0
211,1986,15,7,0.220,286.17,46.25,19.78,33.01
212,1986,16,7,0.264,288.26,53.43,15.2,34.31
213,1986,17,7,0.317,289.87,61.78,15.27,38.53
214,1986,18,7,0.364,290.83,68.1,17.46,42.78
215,1986,19,7,0.395,291.5,68.61,19.98,44.29
216,1986,20,7,0.417,292.32,67.77,20.34,44.06
217,1986,21,7,0.428,292.72,63.58,25.43,44.51
218,1986,22,7,0.438,292.89,60.71,28.73,44.72
219,1986,23,7,0.442,293.09,59.02,29.61,44.32
220,1986,24,7,0.436,293.16,54.36,30.11,42.24
221,1986,25,7,0.433,293.41,50.3,27.74,39.02
222,1986,26,7,0.428,293.51,45.02,28.83,36.93
223,1986,27,7,0.424,293.43,39.88,35.08,37.48
224,1986,28,7,0.412,293.29,35.18,41.35,38.26
225,1986,29,7,0.398,293.3,31.01,43.16,37.09
226,1986,30,7,0.397,293.57,32.03,41.41,36.72
227,1986,31,7,0.402,293.71,33.03,39.0,36.01
228,1986,32,7,0.403,293.2,32.95,44.17,38.56
229,1986,33,7,0.405,292.96,34.4,43.25,38.82
230,1986,34,7,0.405,292.44,37.13,44.63,40.88
231,1986,35,7,0.402,291.74,43.2,43.67,43.44
232,1986,36,7,0.399,290.92,51.72,39.15,45.43
233,1986,37,7,0.389,289.91,56.51,35.32,45.92
234,1986,38,7,0.379,288.96,58.26,31.2,44.73
235,1986,39,7,0.364,287.87,57.95,27.78,42.87
236,1986,40,7,0.347,286.66,54.99,26.13,40.56
237,1986,41,7,0.316,285.08,49.13,25.73,37.43
238,1986,42,7,0.284,283.49,45.5,26.71,36.11
239,1986,43,7,0.250,281.55,42.99,28.73,35.86
240,1986,44,7,0.215,279.33,39.1,29.56,34.33
241,1986,45,7,0.182,277.52,35.89,27.32,31.6
242,1986,46,7,0.152,275.83,33.22,26.54,29.88
243,1986,47,7,0.129,273.78,32.24,28.6,30.42
244,1986,48,7,0.108,271.36,30.43,33.38,31.9
245,1986,49,7,0.092,267.82,26.8,42.69,34.75
246,1986,50,7,0.079,263.95,24.64,52.09,38.36
247,1986,51,7,0.069,261.05,24.17,58.67,41.42
248,1986,52,7,0.062,258.34,21.57,66.91,44.24
249,1987,01,7,0.058,256.71,19.19,74.94,47.06
250,1987,02,7,0.056,256.17,18.22,78.79,48.51
251,1987,03,7,0.056,256.48,18.62,79.42,49.02
252,1987,04,7,0.057,257.56,18.48,77.08,47.78
253,1987,05,7,0.060,259.17,18.42,73.61,46.01
254,1987,06,7,0.064,260.59,18.37,71.99,45.18
255,1987,07,7,0.068,261.98,18.8,70.85,44.83
256,1987,08,7,0.074,263.83,20.8,70.19,45.49
257,1987,09,7,0.082,265.01,22.52,73.94,48.23
258,1987,10,7,0.086,266.02,21.83,77.87,49.85
259,1987,11,7,0.091,267.7,20.52,79.96,50.24
260,1987,12,7,0.103,270.82,21.53,79.26,50.4
261,1987,13,7,0.118,273.78,21.08,78.57,49.82
262,1987,14,7,0.133,276.64,18.68,76.21,47.44
263,1987,15,7,0.151,278.85,17.21,75.06,46.13
264,1987,16,7,0.179,281.09,18.84,73.34,46.09
265,1987,17,7,0.215,283.67,22.25,67.01,44.63
266,1987,18,7,0.242,285.9,22.27,60.89,41.58
267,1987,19,7,0.261,286.41,19.5,66.5,43.0
268,1987,20,7,0.287,287.29,18.85,67.81,43.33
269,1987,21,7,0.313,288.3,18.39,66.95,42.67
270,1987,22,7,0.339,288.81,20.01,66.97,43.49
271,1987,23,7,0.365,289.31,26.41,65.26,45.83
272,1987,24,7,0.400,290.39,37.82,58.62,48.22
273,1987,25,7,0.439,291.74,51.76,47.33,49.55
274,1987,26,7,0.459,292.43,57.68,43.32,50.5
275,1987,27,7,0.465,293.11,56.84,41.18,49.01
276,1987,28,7,0.465,293.45,57.41,40.69,49.05
277,1987,29,7,0.458,293.56,55.86,41.46,48.66
278,1987,30,7,0.450,293.48,54.07,44.04,49.06
279,1987,31,7,0.436,292.62,47.89,53.6,50.74
280,1987,32,7,0.426,291.81,43.79,62.39,53.09
281,1987,33,7,0.428,291.24,46.43,66.2,56.32
282,1987,34,7,0.428,290.83,49.2,66.13,57.67
283,1987,35,7,0.426,290.4,54.36,60.52,57.44
284,1987,36,7,0.422,289.81,61.69,51.28,56.48
285,1987,37,7,0.409,288.82,64.89,45.61,55.25
286,1987,38,7,0.389,287.4,62.26,46.08,54.17
287,1987,39,7,0.362,285.68,56.61,48.7,52.65
288,1987,40,7,0.331,284.2,47.66,51.31,49.48
289,1987,41,7,0.298,282.28,40.04,54.49,47.26
290,1987,42,7,0.258,279.95,32.67,58.99,45.83
291,1987,43,7,0.218,276.8,27.1,65.15,46.12
292,1987,44,7,0.176,272.14,20.38,78.87,49.62
293,1987,45,7,0.129,266.96,9.56,88.39,48.97
294,1987,46,7,0.097,262.96,6.73,90.54,48.63
295,1987,47,7,0.077,260.78,6.81,88.2,47.51
296,1987,48,7,0.062,259.97,7.76,83.68,45.72
297,1987,49,7,0.054,259.42,7.99,79.48,43.73
298,1987,50,7,0.049,258.92,8.44,74.41,41.43
299,1987,51,7,0.047,258.88,11.33,68.44,39.89
300,1987,52,7,0.050,259.2,14.69,63.55,39.12
301,1988,01,7,0.055,260.0,18.55,60.42,39.48
302,1988,02,7,0.058,260.83,20.89,56.7,38.8
303,1988,03,7,0.062,262.23,23.69,50.85,37.27
304,1988,04,7,0.066,263.24,25.28,48.77,37.02
305,1988,05,7,0.069,263.55,24.31,52.0,38.15
306,1988,06,7,0.069,263.43,21.26,57.69,39.47
307,1988,07,7,0.071,264.05,20.07,60.32,40.2
308,1988,08,7,0.078,265.89,21.97,58.85,40.41
309,1988,09,7,0.084,267.71,22.68,59.86,41.27
310,1988,10,7,0.088,269.51,21.67,60.9,41.28
311,1988,11,7,0.098,271.71,22.67,60.72,41.7
312,1988,12,7,0.112,274.51,24.51,60.45,42.48
313,1988,13,7,0.131,277.32,26.33,58.2,42.27
314,1988,14,7,0.155,279.87,28.01,55.14,41.57
315,1988,15,7,0.174,281.35,26.92,57.26,42.09
316,1988,16,7,0.199,283.23,27.79,56.85,42.32
317,1988,17,7,0.225,284.69,27.08,58.79,42.94
318,1988,18,7,0.245,285.43,24.75,64.62,44.68
319,1988,19,7,0.263,285.73,21.38,71.06,46.22
320,1988,20,7,0.284,286.52,19.17,73.06,46.11
321,1988,21,7,0.310,287.54,18.93,72.94,45.94
322,1988,22,7,0.328,287.72,17.51,75.95,46.73
323,1988,23,7,0.347,288.24,19.75,74.48,47.12
324,1988,24,7,0.376,289.51,27.26,67.26,47.26
325,1988,25,7,0.396,290.28,32.13,63.06,47.6
326,1988,26,7,0.409,291.13,34.99,57.92,46.45
327,1988,27,7,0.421,292.0,37.4,54.2,45.8
328,1988,28,7,0.427,292.39,41.43,54.53,47.98
329,1988,29,7,0.432,292.77,46.19,52.1,49.14
330,1988,30,7,0.427,292.93,45.99,51.73,48.86
331,1988,31,7,0.423,292.85,43.53,52.09,47.81
332,1988,32,7,0.421,292.82,42.86,50.5,46.68
333,1988,33,7,0.411,292.38,38.8,52.11,45.46
334,1988,34,7,0.396,291.34,34.45,60.13,47.29
335,1988,35,7,0.377,289.96,33.29,65.97,49.63
336,1988,36,7,0.366,288.62,39.75,64.02,51.88
337,1988,37,7,0.352,287.72,44.12,55.9,50.01
338,1988,38,7,0.332,286.79,41.8,51.72,46.76
339,1988,39,7,0.319,286.16,41.8,44.09,42.94
340,1988,40,7,0.312,285.63,42.73,37.05,39.89
341,1988,41,7,0.306,283.43,48.3,43.06,45.68
342,1988,42,7,0.282,281.34,48.6,46.5,47.55
343,1988,43,7,0.253,278.86,48.33,49.47,48.9
344,1988,44,7,0.226,276.56,49.4,48.74,49.07
345,1988,45,7,0.193,274.11,46.24,47.74,46.99
346,1988,46,7,0.158,271.6,40.43,48.41,44.42
347,1988,47,7,0.130,269.29,36.7,50.2,43.45
348,1988,48,7,0.110,267.66,34.76,50.86,42.81
349,1988,49,7,0.097,266.52,32.68,49.82,41.25
350,1988,50,7,0.086,266.38,31.12,43.5,37.31
351,1988,51,7,0.087,267.17,36.3,34.73,35.52
352,1988,52,7,0.095,268.58,44.26,26.81,35.53
353,1989,01,7,0.102,270.13,50.09,20.25,35.17
354,1989,02,7,0.112,271.58,58.64,13.93,36.29
355,1989,03,7,0.123,272.86,67.29,9.52,38.4
356,1989,04,7,0.131,274.01,70.31,8.66,39.48
357,1989,05,7,0.139,275.22,69.45,8.89,39.17
358,1989,06,7,0.146,276.16,66.06,9.95,38.0
359,1989,07,7,0.147,276.86,60.53,12.29,36.41
360,1989,08,7,0.150,277.82,57.68,14.06,35.87
361,1989,09,7,0.157,279.03,57.02,15.96,36.49
362,1989,10,7,0.163,279.71,55.64,20.14,37.89
363,1989,11,7,0.174,280.64,55.66,23.5,39.58
364,1989,12,7,0.189,281.94,57.26,26.38,41.82
365,1989,13,7,0.214,283.21,61.69,25.69,43.69
366,1989,14,7,0.239,284.26,64.03,25.77,44.9
367,1989,15,7,0.259,284.94,63.28,29.13,46.21
368,1989,16,7,0.273,285.44,58.59,37.73,48.16
369,1989,17,7,0.288,285.52,52.38,50.7,51.54
370,1989,18,7,0.312,286.12,50.94,57.84,54.39
371,1989,19,7,0.341,287.04,51.18,59.93,55.56
372,1989,20,7,0.363,287.47,49.96,66.09,58.02
373,1989,21,7,0.378,288.16,46.34,69.2,57.77
374,1989,22,7,0.381,288.38,39.12,71.85,55.49
375,1989,23,7,0.375,288.22,31.25,75.78,53.51
376,1989,24,7,0.371,288.61,26.3,76.05,51.17
377,1989,25,7,0.376,289.32,24.8,72.79,48.8
378,1989,26,7,0.396,290.64,30.7,62.65,46.67
379,1989,27,7,0.409,291.37,33.13,60.34,46.73
380,1989,28,7,0.401,291.01,30.45,69.54,49.99
381,1989,29,7,0.388,290.61,26.72,75.97,51.34
382,1989,30,7,0.378,290.49,24.15,78.3,51.23
383,1989,31,7,0.376,290.62,21.43,77.54,49.48
384,1989,32,7,0.370,290.9,17.85,73.31,45.58
385,1989,33,7,0.360,290.27,13.85,78.06,45.96
386,1989,34,7,0.361,289.8,16.66,78.81,47.74
387,1989,35,7,0.360,289.05,24.49,76.6,50.54
388,1989,36,7,0.357,288.61,34.55,63.56,49.05
389,1989,37,7,0.349,288.18,41.49,51.0,46.25
390,1989,38,7,0.340,287.33,43.72,46.13,44.93
391,1989,39,7,0.339,286.99,48.51,35.51,42.01
392,1989,40,7,0.326,286.41,47.12,27.98,37.55
393,1989,41,7,0.297,284.49,41.8,30.67,36.23
394,1989,42,7,0.274,282.87,42.63,31.55,37.09
395,1989,43,7,0.259,281.85,49.01,25.72,37.36
396,1989,44,7,0.236,280.35,52.23,21.97,37.1
397,1989,45,7,0.206,278.3,50.44,22.66,36.55
398,1989,46,7,0.170,275.35,44.6,29.14,36.87
399,1989,47,7,0.144,273.04,42.67,32.39,37.53
400,1989,48,7,0.128,271.47,42.5,33.53,38.02
401,1989,49,7,0.119,270.48,43.21,32.14,37.67
402,1989,50,7,0.117,269.89,47.83,27.26,37.55
403,1989,51,7,0.118,269.83,54.89,21.59,38.24
404,1989,52,7,0.124,270.27,62.6,18.0,40.3
405,1990,01,7,0.133,271.25,70.42,13.26,41.84
406,1990,02,7,0.140,272.33,77.9,8.06,42.98
407,1990,03,7,0.144,272.95,82.17,6.24,44.21
408,1990,04,7,0.153,274.14,85.67,4.14,44.9
409,1990,05,7,0.164,275.8,85.51,1.81,43.66
410,1990,06,7,0.178,277.34,84.58,0.96,42.77
411,1990,07,7,0.188,278.66,82.95,0.66,41.8
412,1990,08,7,0.195,279.99,81.79,0.81,41.3
413,1990,09,7,0.206,281.53,81.86,0.79,41.32
414,1990,10,7,0.224,283.31,85.23,0.6,42.92
415,1990,11,7,0.246,284.89,88.68,0.72,44.7
416,1990,12,7,0.267,286.6,91.11,0.46,45.79
417,1990,13,7,0.282,286.95,90.53,2.15,46.34
418,1990,14,7,0.296,287.06,88.06,5.84,46.95
419,1990,15,7,0.309,286.89,84.18,13.71,48.95
420,1990,16,7,0.323,286.39,78.5,30.01,54.26
421,1990,17,7,0.347,286.68,74.86,41.57,58.22
422,1990,18,7,0.376,287.52,74.6,46.43,60.52
423,1990,19,7,0.396,288.17,71.43,50.27,60.85
424,1990,20,7,0.407,288.55,66.9,56.02,61.46
425,1990,21,7,0.411,288.6,60.16,64.67,62.42
426,1990,22,7,0.410,288.72,51.71,68.01,59.86
427,1990,23,7,0.411,289.31,47.3,65.14,56.22
428,1990,24,7,0.423,290.38,48.43,58.3,53.37
429,1990,25,7,0.435,291.68,49.7,47.13,48.42
430,1990,26,7,0.444,292.53,50.2,41.28,45.74
431,1990,27,7,0.449,292.98,49.1,41.73,45.42
432,1990,28,7,0.453,293.36,51.65,40.75,46.2
433,1990,29,7,0.449,293.44,51.35,41.68,46.52
434,1990,30,7,0.444,293.65,50.69,40.62,45.65
435,1990,31,7,0.443,294.07,50.23,34.15,42.19
436,1990,32,7,0.438,294.2,48.22,30.44,39.33
437,1990,33,7,0.426,293.56,43.56,34.5,39.03
438,1990,34,7,0.409,292.36,38.0,44.85,41.43
439,1990,35,7,0.378,290.51,31.24,57.84,44.54
440,1990,36,7,0.342,287.98,26.74,69.39,48.06
441,1990,37,7,0.312,286.09,25.77,69.55,47.66
442,1990,38,7,0.299,285.17,26.75,65.12,45.94
443,1990,39,7,0.300,284.93,32.21,54.65,43.43
444,1990,40,7,0.300,284.39,35.16,47.93,41.55
445,1990,41,7,0.290,283.39,37.8,40.95,39.38
446,1990,42,7,0.268,282.1,38.83,37.6,38.22
447,1990,43,7,0.236,280.01,37.81,39.27,38.54
448,1990,44,7,0.202,277.85,36.21,39.46,37.83
449,1990,45,7,0.170,275.83,33.22,37.72,35.47
450,1990,46,7,0.142,273.87,31.41,37.05,34.23
451,1990,47,7,0.119,271.85,30.68,38.25,34.47
452,1990,48,7,0.100,270.04,28.73,40.0,34.36
453,1990,49,7,0.086,268.54,25.85,40.24,33.04
454,1990,50,7,0.079,267.71,26.1,36.54,31.32
455,1990,51,7,0.079,267.38,31.11,32.22,31.66
456,1990,52,7,0.086,267.56,37.91,29.32,33.62
457,1991,01,7,0.097,267.85,46.13,28.17,37.15
458,1991,02,7,0.105,267.8,53.59,28.67,41.13
459,1991,03,7,0.107,267.53,55.96,31.56,43.76
460,1991,04,7,0.102,266.81,49.97,38.56,44.27
461,1991,05,7,0.094,265.96,40.03,47.03,43.53
462,1991,06,7,0.088,265.77,32.21,52.29,42.25
463,1991,07,7,0.086,267.03,28.29,51.29,39.79
464,1991,08,7,0.090,269.84,28.45,45.1,36.78
465,1991,09,7,0.092,271.97,27.45,43.5,35.47
466,1991,10,7,0.096,274.01,26.14,42.39,34.27
467,1991,11,7,0.102,276.17,25.12,41.7,33.41
468,1991,12,7,0.109,277.92,23.19,44.9,34.04
469,1991,13,7,0.111,278.57,17.83,52.69,35.26
470,1991,14,7,0.118,278.76,12.42,63.63,38.02
471,1991,15,7,0.134,279.18,10.45,72.86,41.66
472,1991,16,7,0.153,280.03,9.65,79.91,44.78
473,1991,17,7,0.175,280.86,9.36,86.26,47.81
474,1991,18,7,0.202,281.8,10.41,91.59,51.0
475,1991,19,7,0.236,282.75,13.29,94.75,54.02
476,1991,20,7,0.273,284.3,16.94,92.18,54.56
477,1991,21,7,0.313,286.12,21.48,85.52,53.5
478,1991,22,7,0.356,287.41,28.79,79.44,54.12
479,1991,23,7,0.393,289.1,38.39,67.62,53.01
480,1991,24,7,0.424,290.96,48.59,52.97,50.78
481,1991,25,7,0.448,292.3,56.45,41.01,48.73
482,1991,26,7,0.461,292.83,59.02,38.35,48.69
483,1991,27,7,0.464,292.9,58.47,43.42,50.94
484,1991,28,7,0.461,293.02,59.4,45.97,52.68
485,1991,29,7,0.455,293.04,59.92,47.44,53.68
486,1991,30,7,0.454,293.15,61.91,47.17,54.54
487,1991,31,7,0.445,292.85,57.74,50.14,53.94
488,1991,32,7,0.440,292.54,56.89,52.59,54.74
489,1991,33,7,0.438,292.17,56.94,53.4,55.17
490,1991,34,7,0.440,291.86,61.7,51.82,56.76
491,1991,35,7,0.439,291.35,67.85,47.69,57.77
492,1991,36,7,0.428,290.23,70.69,45.92,58.3
493,1991,37,7,0.417,289.31,73.15,40.44,56.79
494,1991,38,7,0.411,288.92,75.96,31.24,53.6
495,1991,39,7,0.393,288.01,74.37,26.17,50.27
496,1991,40,7,0.363,286.65,67.35,25.72,46.54
497,1991,41,7,0.325,284.85,58.93,27.27,43.1
498,1991,42,7,0.287,282.54,53.06,34.49,43.78
499,1991,43,7,0.251,279.93,49.48,40.48,44.98
500,1991,44,7,0.214,278.0,45.58,38.43,42.01
501,1991,45,7,0.186,276.4,44.1,34.02,39.06
502,1991,46,7,0.166,275.3,45.35,29.2,37.28
503,1991,47,7,0.144,274.23,43.91,26.46,35.19
504,1991,48,7,0.122,272.58,40.63,28.06,34.34
505,1991,49,7,0.103,270.41,34.88,31.69,33.29
506,1991,50,7,0.090,268.62,32.49,32.05,32.27
507,1991,51,7,0.082,267.37,32.94,31.64,32.29
508,1991,52,7,0.074,266.45,30.17,33.38,31.77
509,1992,01,7,0.071,265.7,28.55,36.44,32.49
510,1992,02,7,0.071,265.63,29.43,36.76,33.09
511,1992,03,7,0.073,266.02,31.61,36.31,33.96
512,1992,04,7,0.076,266.82,32.23,36.53,34.38
513,1992,05,7,0.079,267.9,30.74,37.51,34.13
514,1992,06,7,0.084,269.16,30.25,37.53,33.89
515,1992,07,7,0.090,271.03,29.96,34.64,32.3
516,1992,08,7,0.098,273.24,32.01,31.41,31.71
517,1992,09,7,0.106,274.82,33.01,32.31,32.66
518,1992,10,7,0.113,276.26,32.73,33.79,33.26
519,1992,11,7,0.122,277.7,33.01,35.6,34.31
520,1992,12,7,0.129,278.65,31.53,41.83,36.68
521,1992,13,7,0.140,279.73,30.15,45.93,38.04
522,1992,14,7,0.165,281.19,32.34,47.09,39.72
523,1992,15,7,0.190,282.67,34.18,47.21,40.7
524,1992,16,7,0.219,284.24,36.49,47.94,42.21
525,1992,17,7,0.250,285.57,37.56,50.65,44.11
526,1992,18,7,0.282,286.92,39.33,50.86,45.09
527,1992,19,7,0.317,287.82,41.59,52.39,46.99
528,1992,20,7,0.343,288.43,41.19,56.5,48.85
529,1992,21,7,0.364,289.12,39.34,59.22,49.28
530,1992,22,7,0.375,289.61,34.95,59.42,47.19
531,1992,23,7,0.379,290.18,31.42,57.0,44.21
532,1992,24,7,0.392,290.96,33.7,52.54,43.12
533,1992,25,7,0.407,291.53,37.2,49.36,43.28
534,1992,26,7,0.421,292.14,40.32,46.24,43.28
535,1992,27,7,0.435,292.78,44.28,44.65,44.46
536,1992,28,7,0.446,293.26,51.14,42.7,46.92
537,1992,29,7,0.456,293.65,58.21,39.73,48.97
538,1992,30,7,0.455,293.8,58.72,39.41,49.06
539,1992,31,7,0.447,293.96,54.53,36.31,45.42
540,1992,32,7,0.444,293.95,54.06,34.5,44.28
541,1992,33,7,0.442,293.68,54.58,33.74,44.16
542,1992,34,7,0.435,293.16,54.45,35.15,44.8
543,1992,35,7,0.423,292.16,55.35,38.39,46.87
544,1992,36,7,0.404,290.41,56.19,44.53,50.36
545,1992,37,7,0.387,288.69,57.75,46.32,52.04
546,1992,38,7,0.369,287.12,55.85,47.87,51.86
547,1992,39,7,0.339,285.16,49.2,52.68,50.94
548,1992,40,7,0.309,283.16,39.86,60.38,50.12
549,1992,41,7,0.278,280.98,33.25,65.47,49.36
550,1992,42,7,0.238,277.82,26.21,75.51,50.86
551,1992,43,7,0.203,274.45,23.07,80.87,51.97
552,1992,44,7,0.167,272.18,18.93,78.02,48.47
553,1992,45,7,0.142,270.28,19.07,70.36,44.71
554,1992,46,7,0.117,267.72,19.01,68.03,43.52
555,1992,47,7,0.100,265.53,20.96,67.34,44.15
556,1992,48,7,0.093,264.11,25.33,65.91,45.62
557,1992,49,7,0.082,262.96,24.58,64.21,44.39
558,1992,50,7,0.076,261.85,25.15,61.6,43.37
559,1992,51,7,0.076,261.78,29.65,55.84,42.74
560,1992,52,7,0.076,262.27,32.0,50.95,41.48
561,1993,01,7,0.080,263.29,34.93,47.47,41.2
562,1993,02,7,0.086,264.76,40.42,41.85,41.14
563,1993,03,7,0.094,266.62,46.86,35.7,41.28
564,1993,04,7,0.101,267.79,49.68,34.67,42.18
565,1993,05,7,0.106,269.42,48.15,31.89,40.02
566,1993,06,7,0.105,269.6,41.92,35.83,38.88
567,1993,07,7,0.095,268.38,33.13,45.31,39.22
568,1993,08,7,0.086,267.51,26.05,54.45,40.25
569,1993,09,7,0.082,267.45,21.5,62.11,41.8
570,1993,10,7,0.081,267.92,18.52,67.52,43.02
571,1993,11,7,0.086,268.76,17.28,73.35,45.32
572,1993,12,7,0.098,270.48,18.42,79.03,48.72
573,1993,13,7,0.117,272.9,20.1,81.6,50.85
574,1993,14,7,0.143,275.44,22.52,81.91,52.21
575,1993,15,7,0.178,278.73,28.76,74.88,51.82
576,1993,16,7,0.232,283.2,40.83,57.35,49.09
577,1993,17,7,0.278,286.56,47.16,43.78,45.47
578,1993,18,7,0.321,289.19,52.44,32.4,42.42
579,1993,19,7,0.356,290.25,54.29,31.59,42.94
580,1993,20,7,0.381,290.47,53.86,38.38,46.12
581,1993,21,7,0.406,291.14,54.39,41.16,47.77
582,1993,22,7,0.417,291.14,51.18,46.39,48.78
583,1993,23,7,0.426,291.05,50.95,50.07,50.51
584,1993,24,7,0.435,291.01,52.3,52.82,52.56
585,1993,25,7,0.441,290.99,53.12,55.59,54.36
586,1993,26,7,0.443,291.24,51.93,56.69,54.31
587,1993,27,7,0.442,291.52,49.25,59.76,54.5
588,1993,28,7,0.444,291.73,52.29,62.29,57.29
589,1993,29,7,0.455,292.2,59.46,58.67,59.07
590,1993,30,7,0.460,292.38,62.29,57.78,60.03
591,1993,31,7,0.461,292.37,62.66,57.68,60.17
592,1993,32,7,0.454,292.05,60.25,60.26,60.26
593,1993,33,7,0.437,291.45,53.11,64.48,58.8
594,1993,34,7,0.414,290.81,44.52,66.82,55.67
595,1993,35,7,0.387,289.98,38.32,65.85,52.08
596,1993,36,7,0.366,289.09,38.95,58.88,48.91
597,1993,37,7,0.353,288.56,43.58,47.74,45.66
598,1993,38,7,0.333,287.47,40.91,44.78,42.85
599,1993,39,7,0.302,286.56,32.87,39.67,36.27
600,1993,40,7,0.267,285.51,21.15,37.22,29.19
601,1993,41,7,0.234,283.78,14.81,38.31,26.56
602,1993,42,7,0.205,281.77,13.36,41.75,27.56
603,1993,43,7,0.174,279.46,12.54,44.77,28.65
604,1993,44,7,0.146,276.79,11.57,47.46,29.51
605,1993,45,7,0.121,274.74,11.61,44.08,27.85
606,1993,46,7,0.097,272.81,12.16,42.13,27.14
607,1993,47,7,0.077,271.44,12.24,39.9,26.07
608,1993,48,7,0.064,270.39,13.92,38.32,26.12
609,1993,49,7,0.056,270.07,13.45,33.65,23.55
610,1993,50,7,0.057,270.18,16.59,26.13,21.36
611,1993,51,7,0.057,269.49,20.21,23.83,22.02
612,1993,52,7,0.056,269.17,21.24,23.55,22.4
613,1994,01,7,0.061,268.35,24.06,27.32,25.69
614,1994,02,7,0.066,267.37,27.81,32.17,29.99
615,1994,03,7,0.094,266.24,49.15,39.22,44.18
616,1994,04,7,0.095,265.04,47.59,47.78,47.68
617,1994,05,7,0.097,264.14,43.42,55.85,49.64
618,1994,06,7,0.099,264.67,39.42,56.95,48.18
619,1994,07,7,0.106,265.99,39.04,54.8,46.92
620,1994,08,7,0.118,268.72,42.56,48.55,45.56
621,1994,09,7,0.133,271.75,46.67,43.43,45.05
622,1994,10,7,0.149,275.22,50.04,36.35,43.2
623,1994,11,7,0.167,278.17,53.51,32.02,42.76
624,1994,12,7,0.182,279.93,54.22,34.25,44.24
625,1994,13,7,0.196,281.48,53.63,34.29,43.96
626,1994,14,7,0.214,282.54,53.05,36.9,44.97
627,1994,15,7,0.234,283.49,52.57,40.09,46.33
628,1994,16,7,0.259,284.36,52.35,46.51,49.43
629,1994,17,7,0.282,284.82,49.71,56.87,53.29
630,1994,18,7,0.312,285.43,50.37,64.48,57.42
631,1994,19,7,0.347,286.4,52.57,66.22,59.4
632,1994,20,7,0.379,287.12,55.22,69.26,62.24
633,1994,21,7,0.408,287.94,57.68,70.73,64.2
634,1994,22,7,0.436,288.76,61.8,67.9,64.85
635,1994,23,7,0.466,289.8,69.91,61.22,65.57
636,1994,24,7,0.492,290.91,78.06,53.45,65.75
637,1994,25,7,0.504,291.84,80.83,45.69,63.26
638,1994,26,7,0.506,292.92,79.46,36.38,57.92
639,1994,27,7,0.502,293.96,75.55,29.46,52.51
640,1994,28,7,0.489,294.6,69.11,25.17,47.14
641,1994,29,7,0.472,295.24,61.59,19.81,40.7
642,1994,30,7,0.449,295.44,51.51,19.07,35.29
643,1994,31,7,0.424,295.23,39.02,19.83,29.42
644,1994,32,7,0.395,294.63,27.39,25.36,26.37
645,1994,33,7,0.368,293.84,18.95,31.82,25.39
646,1994,34,7,0.346,293.3,14.72,33.87,24.3
647,1994,35,7,0.331,293.02,15.33,28.77,22.05
648,1994,36,7,0.329,293.38,22.01,16.11,19.06
649,1995,07,7,0.178,276.65,76.34,13.17,44.76
650,1995,08,7,0.176,277.32,70.47,16.06,43.26
651,1995,09,7,0.172,277.54,63.85,22.35,43.1
652,1995,10,7,0.166,277.37,56.5,31.16,43.83
653,1995,11,7,0.162,277.01,49.83,40.96,45.39
654,1995,12,7,0.165,276.97,46.23,51.8,49.02
655,1995,13,7,0.173,277.39,43.77,60.26,52.02
656,1995,14,7,0.189,278.6,42.66,64.52,53.59
657,1995,15,7,0.210,280.46,42.89,63.89,53.39
658,1995,16,7,0.234,282.69,42.75,60.3,51.52
659,1995,17,7,0.262,284.74,42.15,57.75,49.95
660,1995,18,7,0.294,286.58,43.76,54.19,48.97
661,1995,19,7,0.331,288.23,46.76,49.11,47.94
662,1995,20,7,0.370,289.95,51.53,42.46,46.99
663,1995,21,7,0.399,290.98,53.29,41.38,47.33
664,1995,22,7,0.422,292.15,54.74,35.35,45.05
665,1995,23,7,0.436,292.75,56.31,32.77,44.54
666,1995,24,7,0.445,292.9,57.33,32.67,45.0
667,1995,25,7,0.460,293.32,60.56,28.92,44.74
668,1995,26,7,0.477,294.12,64.93,22.04,43.48
669,1995,27,7,0.489,295.06,67.66,15.75,41.71
670,1995,28,7,0.494,295.57,71.02,12.36,41.69
671,1995,29,7,0.491,295.7,71.29,12.8,42.04
672,1995,30,7,0.484,295.9,68.8,12.44,40.62
673,1995,31,7,0.470,295.57,62.61,14.51,38.56
674,1995,32,7,0.455,295.1,56.77,17.79,37.28
675,1995,33,7,0.440,294.42,51.49,22.06,36.77
676,1995,34,7,0.426,293.58,48.08,27.98,38.03
677,1995,35,7,0.409,292.36,47.97,34.99,41.48
678,1995,36,7,0.397,290.82,52.71,39.6,46.16
679,1995,37,7,0.386,289.41,57.57,39.5,48.53
680,1995,38,7,0.375,288.2,58.97,38.11,48.54
681,1995,39,7,0.365,287.08,60.42,35.34,47.88
682,1995,40,7,0.349,285.96,58.26,33.54,45.9
683,1995,41,7,0.322,284.41,54.05,32.74,43.4
684,1995,42,7,0.284,281.86,47.17,42.06,44.61
685,1995,43,7,0.232,278.53,35.08,52.6,43.84
686,1995,44,7,0.174,274.41,19.65,63.46,41.55
687,1995,45,7,0.132,270.84,10.39,66.08,38.24
688,1995,46,7,0.102,267.78,7.86,66.23,37.05
689,1995,47,7,0.083,265.28,8.12,66.02,37.07
690,1995,48,7,0.068,263.39,8.6,65.52,37.06
691,1995,49,7,0.061,261.42,9.02,66.36,37.69
692,1995,50,7,0.054,259.04,8.66,67.68,38.17
693,1995,51,7,0.045,256.65,7.94,70.59,39.26
694,1995,52,7,0.042,255.25,7.75,72.76,40.25
695,1996,01,7,0.043,255.01,7.48,74.94,41.21
696,1996,02,7,0.045,255.96,8.98,73.44,41.21
697,1996,03,7,0.047,257.04,10.11,71.48,40.79
698,1996,04,7,0.046,257.57,9.81,74.01,41.91
699,1996,05,7,0.046,258.28,8.97,76.83,42.9
700,1996,06,7,0.045,258.44,7.06,80.97,44.02
701,1996,07,7,0.045,259.11,6.27,82.26,44.27
702,1996,08,7,0.047,261.02,7.21,80.25,43.73
703,1996,09,7,0.051,263.21,8.11,79.16,43.63
704,1996,10,7,0.057,265.47,8.91,77.27,43.09
705,1996,11,7,0.064,267.41,9.08,78.42,43.75
706,1996,12,7,0.071,269.64,8.22,82.68,45.45
707,1996,13,7,0.085,272.77,7.56,83.04,45.3
708,1996,14,7,0.109,276.29,8.39,78.63,43.51
709,1996,15,7,0.141,280.23,12.97,65.8,39.38
710,1996,16,7,0.184,284.2,20.89,48.91,34.9
711,1996,17,7,0.229,287.13,27.58,38.51,33.04
712,1996,18,7,0.281,289.57,36.1,28.7,32.4
713,1996,19,7,0.334,290.57,44.22,28.91,36.56
714,1996,20,7,0.390,292.14,54.38,22.84,38.61
715,1996,21,7,0.438,294.3,62.97,11.33,37.15
716,1996,22,7,0.462,295.01,64.46,9.96,37.21
717,1996,23,7,0.474,295.26,65.45,10.21,37.83
718,1996,24,7,0.478,295.28,64.72,9.75,37.23
719,1996,25,7,0.472,294.76,60.33,14.01,37.17
720,1996,26,7,0.464,294.28,55.38,21.15,38.26
721,1996,27,7,0.453,293.45,48.66,36.02,42.34
722,1996,28,7,0.448,293.01,49.25,45.45,47.35
723,1996,29,7,0.443,292.97,50.77,47.91,49.34
724,1996,30,7,0.423,292.19,44.72,58.71,51.71
725,1996,31,7,0.402,291.28,34.58,69.91,52.25
726,1996,32,7,0.380,290.04,24.22,84.78,54.5
727,1996,33,7,0.371,289.67,21.04,86.04,53.54
728,1996,34,7,0.358,289.33,18.36,83.72,51.04
729,1996,35,7,0.328,287.74,12.3,90.18,51.24
730,1996,36,7,0.295,285.54,9.43,93.6,51.52
731,1996,37,7,0.267,283.41,9.43,93.25,51.34
732,1996,38,7,0.257,282.84,11.22,86.43,48.82
733,1996,39,7,0.256,283.06,14.52,71.99,43.26
734,1996,40,7,0.259,283.49,16.86,57.35,37.11
735,1996,41,7,0.257,283.29,21.89,43.09,32.49
736,1996,42,7,0.246,282.65,28.25,34.22,31.24
737,1996,43,7,0.223,281.3,30.84,31.18,31.01
738,1996,44,7,0.199,279.77,32.81,26.8,29.8
739,1996,45,7,0.174,277.38,33.8,28.56,31.18
740,1996,46,7,0.158,275.26,38.61,29.79,34.2
741,1996,47,7,0.142,273.46,41.0,30.42,35.71
742,1996,48,7,0.116,270.48,35.79,37.36,36.58
743,1996,49,7,0.092,266.81,27.64,46.55,37.1
744,1996,50,7,0.076,263.48,22.72,52.71,37.71
745,1996,51,7,0.070,261.66,24.38,53.37,38.87
746,1996,52,7,0.067,260.93,23.86,52.91,38.38
747,1997,01,7,0.063,260.4,21.51,54.86,38.19
748,1997,02,7,0.062,260.52,21.69,54.91,38.3
749,1997,03,7,0.067,261.42,24.89,51.95,38.42
750,1997,04,7,0.075,263.3,29.83,46.6,38.21
751,1997,05,7,0.085,265.28,33.96,44.05,39.0
752,1997,06,7,0.101,267.72,39.57,40.55,40.06
753,1997,07,7,0.121,271.08,46.98,32.33,39.66
754,1997,08,7,0.142,274.56,54.64,24.6,39.62
755,1997,09,7,0.159,276.41,59.23,24.4,41.82
756,1997,10,7,0.172,278.29,61.15,24.53,42.84
757,1997,11,7,0.186,280.74,61.66,22.2,41.93
758,1997,12,7,0.190,282.06,57.7,25.7,41.7
759,1997,13,7,0.194,283.03,52.96,27.5,40.23
760,1997,14,7,0.194,283.33,44.8,33.05,38.93
761,1997,15,7,0.199,283.82,37.94,37.96,37.95
762,1997,16,7,0.216,284.93,34.88,41.17,38.03
763,1997,17,7,0.240,286.33,33.34,42.76,38.05
764,1997,18,7,0.267,287.26,32.87,46.35,39.61
765,1997,19,7,0.298,288.05,33.64,49.05,41.35
766,1997,20,7,0.328,288.7,34.65,52.2,43.43
767,1997,21,7,0.356,288.76,35.71,60.63,48.17
768,1997,22,7,0.378,288.5,36.57,68.56,52.56
769,1997,23,7,0.403,289.23,42.67,65.1,53.88
770,1997,24,7,0.432,290.69,53.12,54.79,53.95
771,1997,25,7,0.451,291.34,60.29,50.62,55.45
772,1997,26,7,0.465,291.77,64.82,49.4,57.11
773,1997,27,7,0.465,291.46,63.11,59.31,61.21
774,1997,28,7,0.451,290.81,58.26,72.88,65.57
775,1997,29,7,0.444,290.79,57.88,74.9,66.39
776,1997,30,7,0.448,290.99,60.92,73.36,67.14
777,1997,31,7,0.451,291.08,61.49,73.21,67.35
778,1997,32,7,0.446,290.83,58.67,75.78,67.23
779,1997,33,7,0.438,290.48,55.58,76.99,66.29
780,1997,34,7,0.431,290.13,54.82,75.49,65.15
781,1997,35,7,0.429,289.61,60.67,70.13,65.4
782,1997,36,7,0.419,288.85,64.36,61.28,62.82
783,1997,37,7,0.402,288.06,64.76,52.54,58.65
784,1997,38,7,0.388,287.22,64.36,47.71,56.04
785,1997,39,7,0.371,285.99,62.99,45.53,54.26
786,1997,40,7,0.350,284.02,59.42,52.6,56.01
787,1997,41,7,0.317,281.45,52.66,62.03,57.34
788,1997,42,7,0.289,279.29,51.54,64.33,57.94
789,1997,43,7,0.266,277.03,53.81,63.65,58.73
790,1997,44,7,0.234,274.62,52.83,62.57,57.7
791,1997,45,7,0.190,271.21,43.81,65.04,54.42
792,1997,46,7,0.152,268.39,36.34,64.53,50.43
793,1997,47,7,0.126,266.46,33.49,62.77,48.13
794,1997,48,7,0.110,264.66,33.01,63.17,48.09
795,1997,49,7,0.100,263.54,32.31,61.33,46.82
796,1997,50,7,0.095,263.45,34.75,54.18,44.47
797,1997,51,7,0.100,264.76,42.81,42.51,42.66
798,1997,52,7,0.109,266.69,51.23,31.97,41.6
799,1998,01,7,0.121,268.47,61.2,24.16,42.68
800,1998,02,7,0.131,269.65,70.95,18.67,44.81
801,1998,03,7,0.138,270.33,76.95,16.84,46.89
802,1998,04,7,0.141,270.71,76.49,18.97,47.73
803,1998,05,7,0.148,271.27,74.12,22.11,48.12
804,1998,06,7,0.156,271.61,71.56,26.66,49.11
805,1998,07,7,0.167,272.76,71.7,27.41,49.55
806,1998,08,7,0.175,273.96,70.97,28.81,49.89
807,1998,09,7,0.173,274.06,65.74,36.6,51.17
808,1998,10,7,0.170,274.14,59.44,44.31,51.87
809,1998,11,7,0.169,274.78,53.81,50.15,51.98
810,1998,12,7,0.174,275.97,50.67,56.19,53.43
811,1998,13,7,0.187,277.85,49.88,57.47,53.67
812,1998,14,7,0.206,279.49,49.47,58.71,54.09
813,1998,15,7,0.237,281.56,53.95,55.23,54.59
814,1998,16,7,0.270,283.08,56.97,57.05,57.01
815,1998,17,7,0.302,284.18,57.18,61.79,59.49
816,1998,18,7,0.335,285.28,58.29,64.97,61.63
817,1998,19,7,0.371,286.85,60.65,61.42,61.03
818,1998,20,7,0.400,287.89,61.62,61.83,61.72
819,1998,21,7,0.419,288.8,59.76,63.02,61.39
820,1998,22,7,0.425,288.92,54.15,66.7,60.42
821,1998,23,7,0.421,289.06,48.6,67.91,58.26
822,1998,24,7,0.413,289.23,42.48,69.49,55.98
823,1998,25,7,0.407,289.04,36.78,74.56,55.67
824,1998,26,7,0.406,289.19,33.38,77.51,55.45
825,1998,27,7,0.413,289.71,32.55,79.4,55.97
826,1998,28,7,0.433,291.05,43.09,70.28,56.69
827,1998,29,7,0.456,292.32,57.29,56.94,57.11
828,1998,30,7,0.470,292.88,65.87,51.78,58.83
829,1998,31,7,0.467,292.5,64.79,56.46,60.62
830,1998,32,7,0.465,292.11,65.68,59.84,62.76
831,1998,33,7,0.461,291.28,65.95,66.96,66.45
832,1998,34,7,0.449,290.14,63.07,76.24,69.66
833,1998,35,7,0.439,289.67,64.97,70.0,67.48
834,1998,36,7,0.418,288.7,63.64,63.03,63.34
835,1998,37,7,0.400,287.83,63.62,54.73,59.17
836,1998,38,7,0.375,286.5,58.68,54.32,56.5
837,1998,39,7,0.340,284.36,49.29,60.99,55.14
838,1998,40,7,0.307,282.62,38.44,66.78,52.61
839,1998,41,7,0.284,281.45,35.72,62.39,49.06
840,1998,42,7,0.265,279.68,38.4,61.14,49.77
841,1998,43,7,0.241,277.41,40.75,60.69,50.72
842,1998,44,7,0.203,274.69,36.1,61.87,48.98
843,1998,45,7,0.169,272.31,31.73,58.36,45.05
844,1998,46,7,0.136,269.18,27.01,60.3,43.65
845,1998,47,7,0.109,266.18,23.44,63.68,43.56
846,1998,48,7,0.095,264.65,24.79,62.56,43.67
847,1998,49,7,0.088,264.06,25.29,58.15,41.72
848,1998,50,7,0.080,263.23,25.46,53.79,39.62
849,1998,51,7,0.075,263.1,27.72,48.05,37.88
850,1998,52,7,0.074,263.04,29.07,44.95,37.01
851,1999,01,7,0.074,263.02,29.66,44.3,36.98
852,1999,02,7,0.077,262.68,32.67,45.3,38.99
853,1999,03,7,0.079,261.68,35.36,50.64,43.0
854,1999,04,7,0.079,260.02,34.12,61.96,48.04
855,1999,05,7,0.079,258.88,30.49,71.43,50.96
856,1999,06,7,0.079,258.11,27.14,78.38,52.76
857,1999,07,7,0.082,258.06,25.64,82.4,54.02
858,1999,08,7,0.089,259.25,27.27,83.56,55.42
859,1999,09,7,0.101,262.19,30.54,80.19,55.37
860,1999,10,7,0.115,266.49,34.34,70.43,52.38
861,1999,11,7,0.138,271.13,40.63,61.2,50.91
862,1999,12,7,0.169,275.96,48.81,52.44,50.62
863,1999,13,7,0.200,279.51,55.3,44.97,50.14
864,1999,14,7,0.233,281.95,61.06,40.5,50.78
865,1999,15,7,0.266,283.82,65.94,37.9,51.92
866,1999,16,7,0.302,285.57,69.38,37.36,53.37
867,1999,17,7,0.339,286.7,70.61,41.59,56.1
868,1999,18,7,0.384,288.02,75.72,41.71,58.71
869,1999,19,7,0.427,289.69,79.95,36.21,58.08
870,1999,20,7,0.461,290.92,83.47,33.36,58.41
871,1999,21,7,0.475,291.31,81.55,38.07,59.81
872,1999,22,7,0.481,291.64,77.97,39.5,58.73
873,1999,23,7,0.475,292.08,73.01,37.9,55.45
874,1999,24,7,0.468,292.27,68.51,37.29,52.9
875,1999,25,7,0.465,292.53,64.88,35.31,50.09
876,1999,26,7,0.459,292.48,59.44,38.74,49.09
877,1999,27,7,0.454,292.34,53.89,47.09,50.49
878,1999,28,7,0.440,292.12,48.44,55.26,51.85
879,1999,29,7,0.420,291.64,41.98,63.06,52.52
880,1999,30,7,0.402,290.88,36.28,72.84,54.56
881,1999,31,7,0.401,290.66,34.23,76.83,55.53
882,1999,32,7,0.405,290.58,36.28,77.99,57.14
883,1999,33,7,0.416,290.56,43.12,75.27,59.19
884,1999,34,7,0.419,289.83,48.47,79.02,63.74
885,1999,35,7,0.423,289.18,56.97,75.06,66.02
886,1999,36,7,0.418,288.83,63.07,61.27,62.17
887,1999,37,7,0.405,288.29,66.03,49.96,57.99
888,1999,38,7,0.386,287.45,63.25,44.9,54.08
889,1999,39,7,0.350,285.74,54.13,47.43,50.78
890,1999,40,7,0.309,282.99,40.33,61.82,51.08
891,1999,41,7,0.265,279.85,27.37,75.72,51.54
892,1999,42,7,0.233,277.8,23.41,75.77,49.59
893,1999,43,7,0.203,276.1,22.3,69.7,46.0
894,1999,44,7,0.179,274.98,23.65,59.65,41.65
895,1999,45,7,0.159,273.39,26.49,51.88,39.19
896,1999,46,7,0.143,272.02,31.18,45.96,38.57
897,1999,47,7,0.125,270.48,32.78,44.02,38.4
898,1999,48,7,0.105,268.31,30.82,47.1,38.96
899,1999,49,7,0.090,265.97,27.25,51.12,39.19
900,1999,50,7,0.081,264.28,26.87,51.35,39.11
901,1999,51,7,0.073,261.93,27.14,55.78,41.46
902,1999,52,7,0.066,259.9,24.42,61.43,42.92
903,2000,01,7,0.064,258.21,23.3,67.33,45.31
904,2000,02,7,0.065,258.12,24.86,69.38,47.12
905,2000,03,7,0.070,259.57,28.99,66.64,47.81
906,2000,04,7,0.079,261.93,34.83,61.69,48.26
907,2000,05,7,0.090,264.54,37.73,56.7,47.22
908,2000,06,7,0.103,266.41,40.96,53.24,47.1
909,2000,07,7,0.116,268.54,44.04,48.22,46.13
910,2000,08,7,0.127,270.46,46.2,46.14,46.17
911,2000,09,7,0.136,271.82,47.05,47.56,47.31
912,2000,10,7,0.142,272.95,46.12,49.84,47.98
913,2000,11,7,0.153,274.49,46.38,50.96,48.67
914,2000,12,7,0.168,276.12,47.88,54.54,51.21
915,2000,13,7,0.189,278.35,50.77,53.83,52.3
916,2000,14,7,0.216,280.82,53.88,49.42,51.65
917,2000,15,7,0.255,283.54,61.19,40.22,50.7
918,2000,16,7,0.302,285.8,69.18,35.41,52.3
919,2000,17,7,0.354,287.59,75.94,34.57,55.26
920,2000,18,7,0.405,288.8,82.77,35.8,59.29
921,2000,19,7,0.437,289.65,82.72,37.52,60.12
922,2000,20,7,0.459,290.79,81.35,35.35,58.35
923,2000,21,7,0.475,292.05,78.38,32.25,55.31
924,2000,22,7,0.478,292.97,71.7,28.54,50.12
925,2000,23,7,0.475,293.52,65.91,26.09,46.0
926,2000,24,7,0.478,293.9,64.09,23.39,43.74
927,2000,25,7,0.472,293.79,58.84,24.87,41.86
928,2000,26,7,0.460,293.44,50.84,31.36,41.1
929,2000,27,7,0.448,293.14,43.16,40.5,41.83
930,2000,28,7,0.440,292.98,42.03,46.69,44.36
931,2000,29,7,0.441,292.9,45.81,49.99,47.9
932,2000,30,7,0.438,293.13,47.04,48.71,47.87
933,2000,31,7,0.424,292.89,40.19,50.98,45.59
934,2000,32,7,0.416,292.54,37.21,53.63,45.42
935,2000,33,7,0.416,292.71,38.99,47.07,43.03
936,2000,34,7,0.410,292.24,38.92,47.57,43.24
937,2000,35,7,0.395,291.06,39.03,52.06,45.55
938,2000,36,7,0.379,289.76,42.48,51.27,46.87
939,2000,37,7,0.365,288.45,46.4,48.55,47.48
940,2000,38,7,0.341,286.98,42.46,49.48,45.97
941,2000,39,7,0.311,286.04,35.08,44.86,39.97
942,2000,40,7,0.281,285.62,25.27,36.61,30.94
943,2000,41,7,0.251,284.49,19.5,31.51,25.5
944,2000,42,7,0.220,283.16,16.92,29.51,23.21
945,2000,43,7,0.191,281.9,16.93,25.59,21.26
946,2000,44,7,0.156,280.0,14.35,24.61,19.48
947,2000,45,7,0.134,278.41,16.23,21.74,18.98
948,2000,46,7,0.124,277.25,22.57,18.85,20.71
949,2000,47,7,0.112,275.93,26.94,18.18,22.56
950,2000,48,7,0.104,274.88,30.77,17.46,24.11
951,2000,49,7,0.100,273.58,33.11,17.6,25.35
952,2000,50,7,0.097,271.92,36.33,17.8,27.07
953,2000,51,7,0.095,269.84,40.6,21.19,30.9
954,2000,52,7,0.097,268.76,44.85,23.44,34.15
955,2001,01,7,0.103,267.59,48.62,28.02,38.32
956,2001,02,7,0.105,265.94,52.34,34.84,43.59
957,2001,03,7,0.105,265.21,52.66,38.9,45.78
958,2001,04,7,0.104,264.84,50.1,43.33,46.71
959,2001,05,7,0.102,264.32,44.81,49.19,47.0
960,2001,06,7,0.106,264.59,42.91,51.21,47.06
961,2001,07,7,0.115,265.63,44.15,50.07,47.11
962,2001,08,7,0.125,267.77,46.86,47.34,47.1
963,2001,09,7,0.135,270.03,48.56,47.76,48.16
964,2001,10,7,0.153,272.49,52.62,47.09,49.86
965,2001,11,7,0.180,275.7,59.72,42.78,51.25
966,2001,12,7,0.205,278.32,64.24,41.76,53.0
967,2001,13,7,0.225,280.94,65.8,37.4,51.6
968,2001,14,7,0.247,282.9,66.52,34.98,50.75
969,2001,15,7,0.263,284.19,64.1,35.59,49.85
970,2001,16,7,0.283,285.78,61.22,35.94,48.58
971,2001,17,7,0.313,287.05,60.25,39.09,49.67
972,2001,18,7,0.344,287.7,60.54,45.06,52.8
973,2001,19,7,0.380,288.67,62.38,46.04,54.21
974,2001,20,7,0.407,289.61,62.67,46.71,54.69
975,2001,21,7,0.414,289.27,56.33,59.25,57.79
976,2001,22,7,0.422,288.85,51.62,68.11,59.86
977,2001,23,7,0.421,288.31,46.76,75.38,61.07
978,2001,24,7,0.432,289.04,48.57,72.7,60.64
979,2001,25,7,0.451,290.48,54.43,62.04,58.24
980,2001,26,7,0.468,291.73,59.95,52.5,56.22
981,2001,27,7,0.484,292.89,66.16,44.65,55.41
982,2001,28,7,0.488,293.24,70.77,44.05,57.41
983,2001,29,7,0.491,293.34,74.64,44.8,59.72
984,2001,30,7,0.495,293.66,78.99,42.13,60.56
985,2001,31,7,0.491,293.28,78.68,45.95,62.32
986,2001,32,7,0.486,292.7,78.34,51.64,64.99
987,2001,33,7,0.486,292.43,80.88,50.89,65.89
988,2001,34,7,0.472,291.3,77.83,60.16,69.0
989,2001,35,7,0.451,289.6,73.75,70.26,72.01
990,2001,36,7,0.428,287.42,70.48,76.22,73.35
991,2001,37,7,0.419,286.0,72.99,71.35,72.17
992,2001,38,7,0.413,285.49,75.64,63.68,69.66
993,2001,39,7,0.405,284.88,77.78,56.2,66.99
994,2001,40,7,0.391,283.85,78.06,54.79,66.43
995,2001,41,7,0.379,282.59,82.38,51.11,66.74
996,2001,42,7,0.357,280.86,83.77,50.36,67.07
997,2001,43,7,0.323,278.15,81.26,54.7,67.98
998,2001,44,7,0.283,274.99,77.01,59.89,68.45
999,2001,45,7,0.239,271.67,68.88,62.35,65.62
1000,2001,46,7,0.186,268.51,54.13,64.02,59.07
1001,2001,47,7,0.143,265.1,42.38,69.29,55.84
1002,2001,48,7,0.110,261.44,33.54,77.33,55.43
1003,2001,49,7,0.095,258.71,29.73,81.53,55.63
1004,2001,50,7,0.087,257.26,30.44,79.72,55.08
1005,2001,51,7,0.083,256.53,32.9,76.03,54.46
1006,2001,52,7,0.083,256.6,35.59,71.99,53.79
1007,2002,01,7,0.087,257.52,39.26,68.6,53.93
1008,2002,02,7,0.096,260.38,47.15,56.82,51.99
1009,2002,03,7,0.115,264.48,61.92,40.47,51.19
1010,2002,04,7,0.142,268.83,78.8,25.65,52.22
1011,2002,05,7,0.166,271.64,87.28,18.94,53.11
1012,2002,06,7,0.186,273.83,89.41,15.97,52.69
1013,2002,07,7,0.205,275.84,91.69,13.77,52.73
1014,2002,08,7,0.220,277.41,93.6,13.25,53.42
1015,2002,09,7,0.235,278.97,95.54,13.18,54.36
1016,2002,10,7,0.246,280.65,94.94,13.34,54.14
1017,2002,11,7,0.259,282.39,93.94,13.41,53.68
1018,2002,12,7,0.270,283.58,91.47,16.69,54.08
1019,2002,13,7,0.276,284.13,87.5,19.47,53.48
1020,2002,14,7,0.281,284.58,81.45,23.64,52.54
1021,2002,15,7,0.289,285.21,76.05,27.43,51.74
1022,2002,16,7,0.312,286.29,74.06,31.22,52.64
1023,2002,17,7,0.346,287.92,73.96,31.15,52.56
1024,2002,18,7,0.385,289.31,76.98,30.43,53.71
1025,2002,19,7,0.412,290.03,75.82,32.98,54.4
1026,2002,20,7,0.434,290.23,74.71,39.66,57.18
1027,2002,21,7,0.449,290.22,72.17,48.9,60.53
1028,2002,22,7,0.466,290.7,71.28,49.37,60.33
1029,2002,23,7,0.481,291.07,73.66,49.2,61.43
1030,2002,24,7,0.501,292.05,79.7,42.31,61.0
1031,2002,25,7,0.512,293.0,82.58,33.78,58.18
1032,2002,26,7,0.509,293.46,78.69,31.47,55.08
1033,2002,27,7,0.499,293.7,71.62,34.05,52.83
1034,2002,28,7,0.484,293.6,66.57,38.82,52.7
1035,2002,29,7,0.469,293.41,61.74,42.95,52.34
1036,2002,30,7,0.450,292.65,55.08,53.32,54.2
1037,2002,31,7,0.436,292.18,49.17,58.52,53.85
1038,2002,32,7,0.428,291.94,46.67,60.52,53.6
1039,2002,33,7,0.422,291.53,45.28,62.18,53.73
1040,2002,34,7,0.408,290.88,41.33,64.71,53.02
1041,2002,35,7,0.385,289.56,38.03,69.83,53.93
1042,2002,36,7,0.358,287.95,36.12,69.46,52.79
1043,2002,37,7,0.318,285.15,29.75,77.22,53.48
1044,2002,38,7,0.284,282.32,22.07,89.33,55.7
1045,2002,39,7,0.253,280.08,14.11,95.29,54.7
1046,2002,40,7,0.247,279.26,13.7,94.81,54.26
1047,2002,41,7,0.232,278.05,13.23,90.97,52.1
1048,2002,42,7,0.206,276.04,12.17,88.91,50.54
1049,2002,43,7,0.171,273.13,8.28,89.66,48.97
1050,2002,44,7,0.150,271.75,9.9,80.29,45.1
1051,2002,45,7,0.140,270.81,16.53,66.95,41.74
1052,2002,46,7,0.134,269.61,25.39,58.13,41.76
1053,2002,47,7,0.126,267.85,31.92,56.23,44.08
1054,2002,48,7,0.121,266.49,37.38,55.02,46.2
1055,2002,49,7,0.117,264.96,40.32,55.35,47.84
1056,2002,50,7,0.106,262.68,40.07,57.9,48.98
1057,2002,51,7,0.095,260.44,39.75,61.34,50.54
1058,2002,52,7,0.088,259.58,38.47,61.81,50.14
1059,2003,01,7,0.087,259.95,38.7,61.06,49.88
1060,2003,02,7,0.083,260.01,37.24,62.0,49.62
1061,2003,03,7,0.077,259.7,33.07,65.63,49.35
1062,2003,04,7,0.073,259.6,29.41,69.53,49.47
1063,2003,05,7,0.073,260.3,26.03,70.85,48.44
1064,2003,06,7,0.074,261.07,24.29,71.49,47.89
1065,2003,07,7,0.076,261.69,23.01,72.42,47.71
1066,2003,08,7,0.076,262.92,22.02,72.74,47.38
1067,2003,09,7,0.084,265.38,23.64,70.11,46.88
1068,2003,10,7,0.095,267.74,25.89,67.45,46.67
1069,2003,11,7,0.113,270.05,30.23,66.91,48.57
1070,2003,12,7,0.136,272.46,35.33,69.41,52.37
1071,2003,13,7,0.165,275.66,40.94,67.16,54.05
1072,2003,14,7,0.200,279.26,46.98,59.19,53.09
1073,2003,15,7,0.236,282.71,52.65,47.1,49.87
1074,2003,16,7,0.273,285.64,56.83,37.46,47.15
1075,2003,17,7,0.319,288.26,61.65,29.66,45.66
1076,2003,18,7,0.369,290.43,68.69,21.79,45.24
1077,2003,19,7,0.415,292.22,73.78,15.07,44.42
1078,2003,20,7,0.451,293.24,77.52,13.54,45.53
1079,2003,21,7,0.476,293.71,78.23,17.2,47.71
1080,2003,22,7,0.496,294.15,79.39,18.01,48.7
1081,2003,23,7,0.508,294.45,81.27,17.84,49.55
1082,2003,24,7,0.512,294.42,81.27,18.62,49.95
1083,2003,25,7,0.505,294.16,76.84,21.24,49.04
1084,2003,26,7,0.495,293.71,70.31,28.03,49.17
1085,2003,27,7,0.488,293.72,65.26,32.67,48.97
1086,2003,28,7,0.485,294.09,65.45,31.7,48.57
1087,2003,29,7,0.481,294.25,65.93,31.2,48.56
1088,2003,30,7,0.475,294.29,64.82,32.16,48.49
1089,2003,31,7,0.471,294.46,63.52,29.1,46.31
1090,2003,32,7,0.463,294.31,61.02,28.99,45.01
1091,2003,33,7,0.451,293.86,56.37,30.31,43.34
1092,2003,34,7,0.438,292.97,53.11,36.76,44.93
1093,2003,35,7,0.428,292.22,55.55,36.85,46.2
1094,2003,36,7,0.414,291.2,58.3,35.32,46.81
1095,2003,37,7,0.395,289.65,59.03,36.9,47.96
1096,2003,38,7,0.372,287.84,55.83,40.56,48.19
1097,2003,39,7,0.347,285.75,51.35,46.59,48.97
1098,2003,40,7,0.320,283.39,44.25,57.43,50.84
1099,2003,41,7,0.294,281.12,40.24,64.14,52.19
1100,2003,42,7,0.272,279.13,41.71,65.09,53.4
1101,2003,43,7,0.256,278.01,47.21,55.67,51.44
1102,2003,44,7,0.243,277.38,55.18,43.09,49.14
1103,2003,45,7,0.228,276.6,61.18,32.8,46.99
1104,2003,46,7,0.211,275.43,64.95,28.42,46.69
1105,2003,47,7,0.199,274.15,70.08,26.65,48.37
1106,2003,48,7,0.186,272.42,71.78,28.33,50.05
1107,2003,49,7,0.169,270.13,68.75,32.12,50.44
1108,2003,50,7,0.151,267.54,66.96,35.4,51.18
1109,2003,51,7,0.135,264.21,65.03,43.04,54.03
1110,2003,52,7,0.115,258.93,56.14,60.84,58.49
1111,2004,01,7,0.098,253.77,46.61,78.66,62.63
1112,2004,05,7,0.081,253.44,32.05,90.12,61.09
1113,2004,06,7,0.082,255.46,29.25,88.36,58.81
1114,2004,07,7,0.083,256.35,27.07,87.43,57.25
1115,2004,08,7,0.083,255.8,25.63,89.27,57.45
1116,2004,09,7,0.083,254.36,23.56,91.33,57.44
1117,2004,10,7,0.082,254.24,20.54,93.37,56.96
1118,2004,25,7,0.453,291.55,55.53,47.2,51.36
1119,2004,26,7,0.443,291.45,48.64,51.44,50.04
1120,2004,27,7,0.438,291.56,43.25,56.27,49.76
1121,2004,28,7,0.430,291.57,40.83,60.73,50.78
1122,2004,30,7,0.420,291.33,41.29,67.25,54.27
1123,2004,31,7,0.424,291.37,42.89,68.08,55.48
1124,2004,32,7,0.435,291.4,49.39,67.66,58.52
1125,2004,33,7,0.449,291.35,58.3,65.33,61.81
1126,2004,34,7,0.470,291.32,73.01,60.19,66.6
1127,2004,35,7,0.478,290.87,83.25,54.89,69.07
1128,2004,36,7,0.475,290.47,88.12,44.08,66.1
1129,2004,37,7,0.461,289.68,87.99,37.35,62.67
1130,2004,38,7,0.444,288.65,86.3,34.03,60.16
1131,2004,39,7,0.429,287.48,86.32,31.52,58.92
1132,2004,40,7,0.405,286.3,82.9,29.93,56.41
1133,2004,41,7,0.375,285.48,78.99,21.87,50.43
1134,2004,42,7,0.348,284.36,77.34,19.68,48.51
1135,2004,43,7,0.319,282.74,76.54,20.32,48.43
1136,2004,44,7,0.281,280.49,73.03,21.81,47.42
1137,2004,45,7,0.234,277.44,63.45,27.49,45.47
1138,2004,46,7,0.200,273.68,58.44,36.79,47.61
1139,2004,47,7,0.185,271.34,62.12,39.11,50.61
1140,2004,48,7,0.172,269.75,63.77,39.9,51.84
1141,2004,49,7,0.163,268.68,64.68,38.67,51.67
1142,2004,50,7,0.153,268.11,66.46,33.83,50.15
1143,2004,51,7,0.149,267.79,72.03,29.65,50.84
1144,2004,52,7,0.141,266.58,71.5,32.4,51.95
1145,2005,01,7,0.127,265.02,65.77,39.34,52.56
1146,2005,02,7,0.116,263.79,61.05,45.59,53.32
1147,2005,03,7,0.107,261.96,55.83,54.96,55.39
1148,2005,04,7,0.098,260.18,47.3,65.11,56.2
1149,2005,05,7,0.090,258.47,37.65,74.61,56.13
1150,2005,06,7,0.085,257.2,30.64,82.35,56.5
1151,2005,07,7,0.083,256.89,26.91,85.76,56.33
1152,2005,08,7,0.088,257.96,27.41,86.4,56.9
1153,2005,09,7,0.094,259.6,28.12,87.64,57.88
1154,2005,10,7,0.106,262.21,30.34,86.17,58.26
1155,2005,11,7,0.129,266.77,36.93,80.07,58.5
1156,2005,12,7,0.164,272.48,46.98,70.59,58.78
1157,2005,13,7,0.192,276.71,51.94,62.66,57.3
1158,2005,14,7,0.215,280.21,53.18,53.46,53.32
1159,2005,15,7,0.239,283.07,54.27,43.79,49.03
1160,2005,16,7,0.266,285.19,54.57,39.95,47.26
1161,2005,17,7,0.298,286.62,54.61,42.0,48.3
1162,2005,18,7,0.344,288.15,60.63,40.84,50.74
1163,2005,19,7,0.389,289.38,66.19,39.48,52.84
1164,2005,20,7,0.427,290.73,70.89,36.03,53.46
1165,2005,21,7,0.451,291.43,71.76,38.11,54.93
1166,2005,22,7,0.472,291.95,73.58,38.07,55.82
1167,2005,23,7,0.489,292.32,77.3,37.54,57.42
1168,2005,24,7,0.500,292.99,80.33,32.27,56.3
1169,2005,25,7,0.500,293.06,79.44,31.97,55.71
1170,2005,26,7,0.494,292.75,74.9,38.04,56.47
1171,2005,27,7,0.491,292.96,71.38,41.23,56.3
1172,2005,28,7,0.491,293.33,72.81,40.68,56.74
1173,2005,29,7,0.480,292.43,68.84,53.82,61.33
1174,2005,30,7,0.479,293.12,70.04,46.75,58.39
1175,2005,31,7,0.475,292.71,69.07,51.95,60.51
1176,2005,32,7,0.474,292.46,70.13,53.98,62.05
1177,2005,33,7,0.472,292.31,71.74,52.05,61.9
1178,2005,34,7,0.472,292.02,75.28,50.26,62.77
1179,2005,35,7,0.473,291.84,81.25,42.31,61.78
1180,2005,36,7,0.473,291.77,87.22,29.99,58.61
1181,2005,37,7,0.469,291.41,90.75,21.21,55.98
1182,2005,38,7,0.459,290.35,91.3,18.0,54.65
1183,2005,39,7,0.440,289.12,90.52,15.76,53.14
1184,2005,40,7,0.421,287.82,89.66,14.35,52.01
1185,2005,41,7,0.400,286.31,90.29,13.18,51.73
1186,2005,42,7,0.372,284.91,88.96,13.36,51.16
1187,2005,43,7,0.344,283.49,88.7,13.12,50.91
1188,2005,44,7,0.312,281.27,88.71,15.93,52.32
1189,2005,45,7,0.277,278.37,86.05,22.4,54.23
1190,2005,46,7,0.239,275.81,79.58,26.68,53.13
1191,2005,47,7,0.196,273.58,69.45,29.7,49.57
1192,2005,48,7,0.162,270.47,60.93,37.33,49.13
1193,2005,49,7,0.135,267.22,52.42,44.96,48.69
1194,2005,50,7,0.118,265.3,49.24,45.53,47.39
1195,2005,51,7,0.106,263.84,48.4,45.59,47.0
1196,2005,52,7,0.097,262.72,45.75,47.3,46.53
1197,2006,01,7,0.091,261.11,41.98,53.48,47.73
1198,2006,02,7,0.088,260.29,41.12,56.83,48.98
1199,2006,03,7,0.088,260.61,41.51,57.66,49.58
1200,2006,04,7,0.088,261.09,39.51,60.1,49.81
1201,2006,05,7,0.084,261.27,33.83,64.87,49.35
1202,2006,06,7,0.079,261.47,27.4,69.16,48.28
1203,2006,07,7,0.076,262.23,22.97,70.88,46.93
1204,2006,08,7,0.075,263.53,21.25,72.1,46.67
1205,2006,09,7,0.073,263.77,17.92,78.76,48.34
1206,2006,10,7,0.076,264.64,16.49,81.84,49.17
1207,2006,11,7,0.088,267.07,18.74,80.33,49.53
1208,2006,12,7,0.104,270.02,21.44,80.72,51.08
1209,2006,13,7,0.127,273.66,24.74,78.2,51.47
1210,2006,14,7,0.158,277.32,29.42,71.42,50.42
1211,2006,15,7,0.198,280.67,36.88,61.84,49.36
1212,2006,16,7,0.237,283.19,42.82,56.94,49.88
1213,2006,17,7,0.280,285.29,47.94,54.25,51.1
1214,2006,18,7,0.319,287.1,51.75,51.23,51.49
1215,2006,19,7,0.351,288.42,52.69,48.74,50.71
1216,2006,20,7,0.379,288.98,53.92,51.99,52.96
1217,2006,21,7,0.408,289.37,56.06,57.03,56.55
1218,2006,22,7,0.428,289.61,57.08,59.4,58.24
1219,2006,23,7,0.451,290.41,62.74,54.87,58.81
1220,2006,24,7,0.468,291.33,68.36,48.64,58.5
1221,2006,25,7,0.485,292.07,73.6,43.06,58.33
1222,2006,26,7,0.503,292.87,78.98,37.47,58.22
1223,2006,27,7,0.519,293.9,84.55,31.13,57.84
1224,2006,28,7,0.520,294.19,86.25,31.2,58.73
1225,2006,29,7,0.515,294.19,85.19,33.15,59.17
1226,2006,30,7,0.511,294.39,84.32,32.3,58.31
1227,2006,31,7,0.498,293.98,78.69,36.51,57.6
1228,2006,32,7,0.479,293.2,71.34,44.86,58.1
1229,2006,33,7,0.471,292.38,69.23,51.62,60.42
1230,2006,34,7,0.467,291.61,71.61,56.13,63.87
1231,2006,35,7,0.466,291.02,77.19,53.06,65.12
1232,2006,36,7,0.459,290.44,81.61,44.39,63.0
1233,2006,37,7,0.452,289.85,84.57,35.81,60.19
1234,2006,38,7,0.444,288.99,86.32,30.7,58.51
1235,2006,39,7,0.437,288.52,90.05,21.37,55.71
1236,2006,40,7,0.427,287.86,93.16,13.78,53.47
1237,2006,41,7,0.407,286.71,94.68,8.95,51.81
1238,2006,42,7,0.385,285.68,95.9,6.76,51.33
1239,2006,43,7,0.357,284.6,95.76,4.92,50.34
1240,2006,44,7,0.321,283.0,93.89,3.84,48.87
1241,2006,45,7,0.292,281.67,94.17,2.66,48.42
1242,2006,46,7,0.272,280.84,96.03,1.05,48.54
1243,2006,47,7,0.250,279.82,96.74,0.59,48.66
1244,2006,48,7,0.236,278.88,97.72,0.32,49.02
1245,2006,49,7,0.224,277.72,98.25,0.31,49.28
1246,2006,50,7,0.208,275.93,98.86,0.79,49.82
1247,2006,51,7,0.192,274.54,99.09,1.37,50.23
1248,2006,52,7,0.182,274.21,98.3,1.44,49.87
1249,2007,01,7,0.174,273.62,96.88,2.81,49.84
1250,2007,02,7,0.163,272.79,93.7,6.51,50.11
1251,2007,03,7,0.152,272.44,87.95,9.55,48.75
1252,2007,04,7,0.146,272.6,81.25,12.01,46.63
1253,2007,05,7,0.142,272.44,71.53,18.01,44.77
1254,2007,06,7,0.138,272.52,62.15,23.46,42.81
1255,2007,07,7,0.142,273.53,58.95,24.39,41.67
1256,2007,08,7,0.152,275.21,59.88,22.86,41.37
1257,2007,09,7,0.171,277.28,65.66,20.76,43.21
1258,2007,10,7,0.191,279.38,70.4,19.12,44.76
1259,2007,11,7,0.215,281.33,75.12,18.09,46.61
1260,2007,12,7,0.249,283.41,83.29,17.05,50.17
1261,2007,13,7,0.285,285.61,91.51,9.97,50.74
1262,2007,14,7,0.316,287.01,96.24,6.2,51.22
1263,2007,15,7,0.342,287.89,97.55,6.49,52.02
1264,2007,16,7,0.372,289.39,97.19,6.04,51.62
1265,2007,17,7,0.407,291.27,96.31,4.26,50.28
1266,2007,18,7,0.434,292.38,94.25,4.59,49.42
1267,2007,19,7,0.457,293.26,91.44,4.91,48.18
1268,2007,20,7,0.476,293.87,89.81,6.77,48.29
1269,2007,21,7,0.494,294.58,89.28,8.48,48.88
1270,2007,22,7,0.510,295.1,89.57,8.94,49.25
1271,2007,23,7,0.518,295.25,89.66,10.26,49.96
1272,2007,24,7,0.519,295.11,88.3,11.37,49.84
1273,2007,25,7,0.517,295.03,85.66,11.44,48.55
1274,2007,26,7,0.516,295.26,83.08,10.47,46.78
1275,2007,27,7,0.517,295.7,82.07,9.73,45.9
1276,2007,28,7,0.507,295.57,78.91,13.2,46.05
1277,2007,29,7,0.500,295.48,77.7,16.23,46.96
1278,2007,30,7,0.494,295.51,76.42,17.92,47.17
1279,2007,31,7,0.487,295.28,74.1,18.97,46.54
1280,2007,32,7,0.477,294.74,70.54,23.36,46.95
1281,2007,33,7,0.463,293.75,65.48,32.0,48.74
1282,2007,34,7,0.457,292.67,66.53,41.07,53.8
1283,2007,35,7,0.461,291.83,74.91,42.15,58.53
1284,2007,36,7,0.458,290.8,80.18,40.3,60.24
1285,2007,37,7,0.446,289.7,81.81,37.07,59.44
1286,2007,38,7,0.432,288.57,81.27,34.32,57.79
1287,2007,39,7,0.412,287.26,79.51,33.31,56.41
1288,2007,40,7,0.389,285.99,75.98,32.73,54.36
1289,2007,41,7,0.356,284.38,70.01,32.22,51.12
1290,2007,42,7,0.323,282.57,66.12,34.27,50.2
1291,2007,43,7,0.288,280.43,62.78,37.07,49.93
1292,2007,44,7,0.249,278.12,58.18,38.18,48.18
1293,2007,45,7,0.211,275.95,52.14,36.8,44.47
1294,2007,46,7,0.171,273.49,44.59,38.39,41.49
1295,2007,47,7,0.145,271.5,41.95,38.99,40.47
1296,2007,48,7,0.129,269.7,41.71,40.15,40.93
1297,2007,49,7,0.113,268.67,38.08,38.04,38.06
1298,2007,50,7,0.104,268.04,38.03,32.89,35.46
1299,2007,51,7,0.102,267.44,43.22,29.11,36.17
1300,2007,52,7,0.099,266.77,44.92,28.96,36.94
1301,2008,01,7,0.102,266.93,48.41,26.83,37.62
1302,2008,02,7,0.110,267.71,55.86,23.25,39.56
1303,2008,03,7,0.124,269.07,67.22,18.72,42.97
1304,2008,04,7,0.138,270.76,75.59,15.39,45.49
1305,2008,05,7,0.155,272.64,79.77,13.64,46.7
1306,2008,06,7,0.175,274.68,83.51,11.65,47.58
1307,2008,07,7,0.188,276.19,83.4,11.3,47.35
1308,2008,08,7,0.199,277.64,83.83,11.29,47.56
1309,2008,09,7,0.207,278.65,82.65,14.03,48.34
1310,2008,10,7,0.216,279.69,81.4,17.65,49.53
1311,2008,11,7,0.227,280.88,79.64,20.75,50.19
1312,2008,12,7,0.235,281.77,76.74,26.05,51.39
1313,2008,13,7,0.250,282.91,76.59,26.6,51.6
1314,2008,14,7,0.263,283.99,74.12,27.36,50.74
1315,2008,15,7,0.286,285.01,74.67,29.06,51.86
1316,2008,16,7,0.316,285.88,75.56,35.15,55.36
1317,2008,17,7,0.347,286.66,74.62,42.72,58.67
1318,2008,18,7,0.383,287.57,76.57,46.69,61.63
1319,2008,19,7,0.420,288.8,79.16,45.26,62.21
1320,2008,20,7,0.447,289.81,80.37,44.85,62.61
1321,2008,21,7,0.473,290.97,82.54,42.6,62.57
1322,2008,22,7,0.490,291.89,82.79,38.88,60.84
1323,2008,23,7,0.504,292.65,84.78,34.51,59.64
1324,2008,24,7,0.516,293.44,87.34,27.95,57.64
1325,2008,25,7,0.526,294.07,89.78,21.65,55.72
1326,2008,26,7,0.532,294.6,90.59,18.13,54.36
1327,2008,27,7,0.531,294.67,88.7,22.53,55.61
1328,2008,28,7,0.530,294.54,89.47,27.18,58.33
1329,2008,29,7,0.523,294.63,87.91,28.09,58.0
1330,2008,30,7,0.511,294.5,83.4,31.26,57.33
1331,2008,31,7,0.498,293.93,78.36,37.43,57.9
1332,2008,32,7,0.496,293.83,78.64,36.88,57.76
1333,2008,33,7,0.496,294.09,81.16,28.62,54.89
1334,2008,34,7,0.485,293.8,79.65,26.77,53.21
1335,2008,35,7,0.469,293.1,77.86,26.99,52.42
1336,2008,36,7,0.445,291.72,73.59,30.58,52.08
1337,2008,37,7,0.421,290.37,70.89,30.88,50.89
1338,2008,38,7,0.401,289.04,68.05,30.47,49.26
1339,2008,39,7,0.385,288.16,67.52,24.99,46.25
1340,2008,40,7,0.374,287.42,68.96,18.25,43.6
1341,2008,41,7,0.363,286.7,73.33,9.28,41.3
1342,2008,42,7,0.348,286.06,78.19,3.75,40.97
1343,2008,43,7,0.328,284.82,81.84,3.88,42.86
1344,2008,44,7,0.295,282.6,80.84,7.03,43.94
1345,2008,45,7,0.267,280.27,80.76,10.84,45.8
1346,2008,46,7,0.241,278.32,80.22,13.57,46.89
1347,2008,47,7,0.211,276.24,76.82,16.87,46.84
1348,2008,48,7,0.184,273.78,71.84,22.33,47.08
1349,2008,49,7,0.157,270.94,64.11,28.56,46.33
1350,2008,50,7,0.133,268.39,57.81,31.55,44.68
1351,2008,51,7,0.114,266.57,52.7,32.88,42.79
1352,2008,52,7,0.100,264.95,46.35,36.81,41.58
1353,2009,01,7,0.085,263.11,37.25,44.07,40.66
1354,2009,02,7,0.077,262.58,32.82,46.73,39.78
1355,2009,03,7,0.071,262.16,29.0,50.34,39.67
1356,2009,04,7,0.066,262.23,24.96,53.66,39.31
1357,2009,05,7,0.064,262.86,21.13,56.03,38.58
1358,2009,06,7,0.064,263.36,18.7,59.72,39.21
1359,2009,07,7,0.070,264.87,19.87,58.32,39.09
1360,2009,08,7,0.079,266.37,22.8,58.43,40.62
1361,2009,09,7,0.089,267.6,25.26,61.84,43.55
1362,2009,10,7,0.105,269.49,29.48,62.18,45.83
1363,2009,11,7,0.128,272.13,36.15,60.02,48.08
1364,2009,12,7,0.164,275.6,46.86,56.24,51.55
1365,2009,13,7,0.207,279.2,58.76,47.88,53.32
1366,2009,14,7,0.260,283.09,72.47,32.73,52.6
1367,2009,15,7,0.313,286.1,85.47,19.93,52.7
1368,2009,16,7,0.361,287.75,93.0,19.51,56.25
1369,2009,17,7,0.405,289.45,95.81,19.63,57.72
1370,2009,18,7,0.442,290.68,97.1,20.25,58.67
1371,2009,19,7,0.475,291.34,97.27,23.08,60.18
1372,2009,20,7,0.495,291.83,96.37,26.8,61.58
1373,2009,21,7,0.513,292.28,95.31,31.74,63.52
1374,2009,22,7,0.526,292.76,94.3,32.41,63.36
1375,2009,23,7,0.533,293.4,94.0,29.0,61.5
1376,2009,24,7,0.536,293.97,93.69,24.04,58.86
1377,2009,25,7,0.537,294.31,93.11,20.36,56.73
1378,2009,26,7,0.540,294.85,92.93,16.54,54.73
1379,2009,27,7,0.542,295.56,92.86,12.81,52.83
1380,2009,28,7,0.534,295.59,90.58,14.32,52.45
1381,2009,29,7,0.527,295.9,88.42,12.29,50.35
1382,2009,30,7,0.521,296.2,86.41,10.38,48.39
1383,2009,31,7,0.511,296.12,83.0,8.81,45.9
1384,2009,32,7,0.503,295.98,80.12,7.4,43.76
1385,2009,33,7,0.491,295.6,75.86,7.08,41.47
1386,2009,34,7,0.482,295.38,74.08,4.97,39.52
1387,2009,35,7,0.470,294.98,73.77,3.04,38.41
1388,2009,36,7,0.453,294.33,73.04,2.66,37.85
1389,2009,37,7,0.432,293.32,71.5,3.58,37.54
1390,2009,38,7,0.402,291.25,64.82,9.52,37.17
1391,2009,39,7,0.368,289.38,57.01,13.3,35.15
1392,2009,40,7,0.335,287.82,47.22,13.81,30.51
1393,2009,41,7,0.296,285.58,37.65,19.38,28.52
1394,2009,42,7,0.258,282.88,31.47,30.74,31.11
1395,2009,43,7,0.223,280.12,29.23,38.74,33.99
1396,2009,44,7,0.194,277.86,29.14,39.49,34.31
1397,2009,45,7,0.175,276.28,32.62,34.96,33.79
1398,2009,46,7,0.155,274.06,35.37,35.97,35.67
1399,2009,47,7,0.137,271.53,37.35,39.54,38.45
1400,2009,48,7,0.120,268.8,37.67,45.05,41.36
1401,2009,49,7,0.107,265.55,35.81,52.16,43.99
1402,2009,50,7,0.099,262.51,36.69,56.59,46.64
1403,2009,51,7,0.088,259.08,35.47,63.75,49.61
1404,2009,52,7,0.078,256.19,32.17,71.24,51.71
1405,2010,01,7,0.068,255.21,25.53,73.41,49.47
1406,2010,02,7,0.067,254.4,25.6,75.65,50.63
1407,2010,03,7,0.065,253.9,24.21,78.23,51.22
1408,2010,04,7,0.060,253.65,20.31,81.77,51.04
1409,2010,05,7,0.062,254.68,19.46,82.03,50.74
1410,2010,06,7,0.068,256.96,20.68,78.65,49.67
1411,2010,07,7,0.072,259.01,20.9,76.3,48.6
1412,2010,08,7,0.078,261.43,22.71,74.26,48.49
1413,2010,09,7,0.090,264.68,26.38,71.03,48.7
1414,2010,10,7,0.111,268.77,33.32,63.14,48.23
1415,2010,11,7,0.138,273.19,41.26,54.05,47.65
1416,2010,12,7,0.168,277.37,48.62,47.02,47.82
1417,2010,13,7,0.198,280.34,54.54,41.14,47.84
1418,2010,14,7,0.235,283.31,61.5,31.34,46.42
1419,2010,15,7,0.270,285.53,67.3,24.49,45.9
1420,2010,16,7,0.308,287.08,71.04,25.02,48.03
1421,2010,17,7,0.337,288.23,69.36,29.51,49.44
1422,2010,18,7,0.356,288.83,64.6,35.71,50.16
1423,2010,19,7,0.369,288.9,58.51,43.99,51.25
1424,2010,20,7,0.383,288.63,54.54,54.79,54.67
1425,2010,21,7,0.405,288.98,53.81,60.63,57.22
1426,2010,22,7,0.431,289.97,56.22,57.07,56.65
1427,2010,23,7,0.447,290.76,58.61,52.47,55.54
1428,2010,24,7,0.456,291.52,60.35,47.36,53.85
1429,2010,25,7,0.464,292.26,62.22,41.36,51.79
1430,2010,26,7,0.465,292.74,60.66,38.82,49.74
1431,2010,27,7,0.470,293.51,61.84,35.43,48.63
1432,2010,28,7,0.470,293.73,64.1,36.2,50.15
1433,2010,29,7,0.471,294.15,67.38,32.81,50.1
1434,2010,30,7,0.479,295.06,72.87,23.25,48.06
1435,2010,31,7,0.480,295.12,74.23,21.19,47.71
1436,2010,32,7,0.477,294.62,74.01,25.37,49.69
1437,2010,33,7,0.472,293.93,73.34,30.09,51.71
1438,2010,34,7,0.465,292.77,72.94,40.36,56.65
1439,2010,35,7,0.456,291.22,73.59,50.61,62.1
1440,2010,36,7,0.445,289.62,75.67,53.25,64.46
1441,2010,37,7,0.440,288.67,79.99,46.95,63.47
1442,2010,38,7,0.428,287.7,79.88,43.05,61.46
1443,2010,39,7,0.410,286.58,78.87,39.66,59.27
1444,2010,40,7,0.391,285.04,76.7,42.28,59.49
1445,2010,41,7,0.360,283.23,71.82,43.89,57.86
1446,2010,42,7,0.324,281.81,66.68,41.13,53.91
1447,2010,43,7,0.299,281.1,68.27,31.42,49.84
1448,2010,44,7,0.275,280.41,71.87,21.66,46.76
1449,2010,45,7,0.247,279.05,72.08,18.33,45.21
1450,2010,46,7,0.213,277.12,67.34,20.06,43.7
1451,2010,47,7,0.181,274.23,61.98,26.55,44.27
1452,2010,48,7,0.149,271.01,53.39,34.87,44.13
1453,2010,49,7,0.124,268.6,45.09,39.09,42.09
1454,2010,50,7,0.110,266.88,42.52,38.38,40.45
1455,2010,51,7,0.103,266.21,43.78,34.85,39.32
1456,2010,52,7,0.102,266.02,46.09,32.89,39.49
1457,2011,01,7,0.101,265.83,46.72,33.05,39.89
1458,2011,02,7,0.102,266.26,49.83,31.75,40.79
1459,2011,03,7,0.112,267.76,57.64,26.82,42.23
1460,2011,04,7,0.124,269.2,64.13,24.79,44.46
1461,2011,05,7,0.132,270.04,64.42,27.19,45.81
1462,2011,06,7,0.135,270.49,59.92,30.94,45.43
1463,2011,07,7,0.135,271.27,55.47,32.42,43.95
1464,2011,08,7,0.131,271.54,50.51,36.67,43.59
1465,2011,09,7,0.137,272.96,50.15,38.03,44.09
1466,2011,10,7,0.150,275.42,52.67,35.15,43.91
1467,2011,11,7,0.170,278.04,56.43,32.11,44.27
1468,2011,12,7,0.201,280.85,63.3,28.87,46.08
1469,2011,13,7,0.228,283.22,67.66,23.26,45.46
1470,2011,14,7,0.251,284.86,68.6,20.33,44.47
1471,2011,15,7,0.277,286.69,69.97,15.15,42.56
1472,2011,16,7,0.307,288.26,70.82,14.84,42.83
1473,2011,17,7,0.337,289.55,69.21,18.0,43.6
1474,2011,18,7,0.372,290.93,70.63,16.9,43.77
1475,2011,19,7,0.411,292.16,73.64,14.32,43.98
1476,2011,20,7,0.450,293.26,78.96,11.85,45.41
1477,2011,21,7,0.481,293.98,82.44,13.61,48.03
1478,2011,22,7,0.501,294.75,83.87,11.6,47.74
1479,2011,23,7,0.507,295.18,83.58,10.36,46.97
1480,2011,24,7,0.502,294.79,80.26,13.89,47.07
1481,2011,25,7,0.501,294.6,78.02,15.3,46.66
1482,2011,26,7,0.500,294.69,76.56,16.24,46.4
1483,2011,27,7,0.503,294.67,76.77,21.3,49.04
1484,2011,28,7,0.504,294.54,79.89,25.95,52.92
1485,2011,29,7,0.509,294.55,84.31,28.15,56.23
1486,2011,30,7,0.513,294.49,87.35,30.83,59.09
1487,2011,31,7,0.514,294.46,89.3,29.89,59.59
1488,2011,32,7,0.514,294.25,90.49,30.59,60.54
1489,2011,33,7,0.510,294.24,90.55,26.08,58.31
1490,2011,34,7,0.504,294.19,90.15,21.51,55.83
1491,2011,35,7,0.491,293.82,88.46,18.14,53.3
1492,2011,36,7,0.477,293.33,88.33,13.61,50.97
1493,2011,37,7,0.464,292.57,88.07,10.75,49.41
1494,2011,38,7,0.450,291.53,87.07,7.33,47.2
1495,2011,39,7,0.431,290.06,85.68,7.46,46.57
1496,2011,40,7,0.411,288.21,83.67,10.92,47.29
1497,2011,41,7,0.387,286.28,82.36,14.13,48.24
1498,2011,42,7,0.361,284.72,82.05,15.84,48.94
1499,2011,43,7,0.336,283.42,83.47,14.24,48.86
1500,2011,44,7,0.310,282.1,86.33,10.09,48.21
1501,2011,45,7,0.282,280.79,87.24,7.79,47.51
1502,2011,46,7,0.256,279.35,86.32,8.59,47.46
1503,2011,47,7,0.229,277.73,85.07,10.4,47.73
1504,2011,48,7,0.206,276.12,82.08,12.83,47.45
1505,2011,49,7,0.184,274.65,77.35,13.74,45.55
1506,2011,50,7,0.163,273.37,73.67,11.97,42.82
1507,2011,51,7,0.144,271.56,69.92,14.12,42.02
1508,2011,52,7,0.126,268.95,63.18,22.83,43.0
1509,2012,01,7,0.111,266.56,55.24,32.43,43.83
1510,2012,02,7,0.101,264.53,50.02,41.13,45.57
1511,2012,03,7,0.094,262.12,46.05,53.15,49.6
1512,2012,04,7,0.089,260.58,40.91,63.29,52.1
1513,2012,05,7,0.087,259.77,35.74,71.12,53.43
1514,2012,06,7,0.089,260.63,33.05,71.83,52.44
1515,2012,07,7,0.093,262.54,32.01,68.65,50.33
1516,2012,08,7,0.102,265.43,35.04,63.15,49.1
1517,2012,09,7,0.114,268.5,38.0,58.81,48.4
1518,2012,10,7,0.132,272.29,42.88,50.41,46.64
1519,2012,11,7,0.158,276.78,49.95,38.99,44.47
1520,2012,12,7,0.179,279.83,53.76,35.34,44.55
1521,2012,13,7,0.199,281.69,55.38,33.49,44.44
1522,2012,14,7,0.222,283.66,55.96,29.59,42.78
1523,2012,15,7,0.255,285.91,60.61,22.48,41.54
1524,2012,16,7,0.298,288.04,67.06,18.0,42.53
1525,2012,17,7,0.341,289.93,70.55,16.3,43.42
1526,2012,18,7,0.373,290.98,70.8,17.8,44.3
1527,2012,19,7,0.396,291.41,68.02,22.26,45.14
1528,2012,20,7,0.408,291.09,62.9,33.26,48.08
1529,2012,21,7,0.409,290.43,54.5,48.11,51.31
1530,2012,22,7,0.466,292.62,69.23,32.94,51.09
1531,2012,23,7,0.486,293.37,74.12,28.59,51.35
1532,2012,24,7,0.505,294.04,80.02,22.67,51.35
1533,2012,25,7,0.519,294.78,84.66,15.45,50.06
1534,2012,26,7,0.525,295.26,85.21,12.65,48.93
1535,2012,27,7,0.518,295.52,80.86,13.84,47.35
1536,2012,28,7,0.513,295.7,80.43,13.78,47.11
1537,2012,29,7,0.502,295.51,77.26,17.32,47.29
1538,2012,30,7,0.496,295.43,76.22,19.7,47.96
1539,2012,31,7,0.491,295.15,74.85,21.18,48.02
1540,2012,32,7,0.488,294.82,75.07,22.74,48.9
1541,2012,33,7,0.494,294.46,79.45,22.8,51.13
1542,2012,34,7,0.496,293.75,83.16,26.82,54.99
1543,2012,35,7,0.492,293.04,86.67,27.33,57.0
1544,2012,36,7,0.488,292.77,90.36,19.4,54.88
1545,2012,37,7,0.478,292.33,91.82,13.0,52.41
1546,2012,38,7,0.463,291.61,91.46,7.53,49.49
1547,2012,39,7,0.443,290.7,90.61,4.47,47.54
1548,2012,40,7,0.422,289.64,89.22,2.72,45.97
1549,2012,41,7,0.404,288.43,90.75,1.12,45.94
1550,2012,42,7,0.379,286.66,90.61,2.55,46.58
1551,2012,43,7,0.349,284.43,90.06,7.16,48.61
1552,2012,44,7,0.314,282.13,88.41,10.34,49.38
1553,2012,45,7,0.281,279.96,86.76,12.94,49.85
1554,2012,46,7,0.247,277.6,82.23,17.36,49.8
1555,2012,47,7,0.204,273.97,71.78,27.15,49.47
1556,2012,48,7,0.162,269.76,58.51,39.43,48.97
1557,2012,49,7,0.131,266.0,47.11,48.61,47.86
1558,2012,50,7,0.110,263.11,41.16,52.0,46.58
1559,2012,51,7,0.095,260.39,38.41,55.72,47.07
1560,2012,52,7,0.083,258.07,33.97,60.5,47.23
1561,2013,01,7,0.088,257.35,37.19,63.26,50.22
1562,2013,02,7,0.080,256.46,34.13,64.94,49.54
1563,2013,03,7,0.075,255.27,31.2,69.34,50.27
1564,2013,04,7,0.071,254.09,27.36,74.72,51.04
1565,2013,05,7,0.068,254.04,22.82,79.69,51.25
1566,2013,06,7,0.069,256.27,21.23,79.06,50.14
1567,2013,07,7,0.072,259.34,20.46,75.37,47.91
1568,2013,08,7,0.078,261.65,21.35,74.36,47.86
1569,2013,09,7,0.085,263.28,22.4,76.16,49.28
1570,2013,10,7,0.095,264.76,23.68,76.44,50.06
1571,2013,11,7,0.102,265.58,23.6,80.78,52.19
1572,2013,12,7,0.117,266.91,25.46,84.84,55.15
1573,2013,13,7,0.138,269.35,27.99,87.27,57.63
1574,2013,14,7,0.167,273.27,31.51,83.73,57.62
1575,2013,15,7,0.214,278.42,41.11,72.35,56.73
1576,2013,16,7,0.273,283.61,54.06,53.97,54.02
1577,2013,17,7,0.325,287.18,62.0,40.86,51.43
1578,2013,18,7,0.371,289.48,67.86,32.88,50.37
1579,2013,19,7,0.405,290.56,69.51,31.57,50.54
1580,2013,20,7,0.435,291.09,71.44,33.6,52.52
1581,2013,21,7,0.465,292.15,74.38,31.58,52.98
1582,2013,22,7,0.484,292.73,75.68,30.99,53.33
1583,2013,23,7,0.497,293.13,77.8,30.03,53.91
1584,2013,24,7,0.506,293.48,79.65,27.91,53.78
1585,2013,25,7,0.514,294.12,81.19,22.87,52.03
1586,2013,26,7,0.518,294.65,81.42,20.28,50.85
1587,2013,27,7,0.511,294.42,77.43,27.83,52.63
1588,2013,28,7,0.506,294.15,76.42,34.45,55.43
1589,2013,29,7,0.509,294.52,79.91,31.41,55.66
1590,2013,30,7,0.508,294.78,80.76,29.78,55.27
1591,2013,31,7,0.494,294.56,75.43,32.95,54.19
1592,2013,32,7,0.481,294.21,70.98,36.43,53.7
1593,2013,33,7,0.471,293.61,67.53,41.7,54.62
1594,2013,34,7,0.453,292.58,62.39,47.88,55.13
1595,2013,35,7,0.426,290.57,55.98,60.0,57.99
1596,2013,36,7,0.402,288.56,53.49,64.96,59.23
1597,2013,37,7,0.387,286.86,55.03,63.72,59.38
1598,2013,38,7,0.372,285.75,54.86,61.42,58.14
1599,2013,39,7,0.347,285.09,50.56,54.95,52.76
1600,2013,40,7,0.316,284.12,42.38,53.8,48.09
1601,2013,41,7,0.290,283.69,38.89,43.47,41.18
1602,2013,42,7,0.277,283.58,43.65,28.14,35.9
1603,2013,43,7,0.259,283.22,48.55,16.13,32.34
1604,2013,44,7,0.237,282.32,51.71,10.25,30.98
1605,2013,45,7,0.237,281.32,65.29,7.44,36.37
1606,2013,46,7,0.226,279.69,71.98,8.53,40.26
1607,2013,47,7,0.214,277.81,76.32,10.67,43.5
1608,2013,48,7,0.203,276.05,78.4,13.03,45.71
1609,2013,49,7,0.195,274.8,79.93,13.1,46.51
1610,2013,50,7,0.190,273.77,83.8,10.86,47.33
1611,2013,51,7,0.184,272.8,87.34,9.78,48.56
1612,2013,52,7,0.172,271.62,86.99,11.58,49.28
1613,2014,01,7,0.155,269.41,81.53,17.46,49.49
1614,2014,02,7,0.134,266.9,72.14,25.24,48.69
1615,2014,03,7,0.117,263.33,61.81,37.61,49.71
1616,2014,04,7,0.114,261.58,57.21,43.76,50.48
1617,2014,05,7,0.116,262.23,53.62,45.14,49.38
1618,2014,06,7,0.126,264.94,53.82,42.11,47.96
1619,2014,07,7,0.143,269.58,58.29,32.09,45.19
1620,2014,08,7,0.170,273.76,67.39,22.9,45.14
1621,2014,09,7,0.198,277.06,75.63,17.32,46.47
1622,2014,10,7,0.226,279.76,82.5,14.14,48.32
1623,2014,11,7,0.248,282.0,85.23,12.57,48.9
1624,2014,12,7,0.271,283.74,88.35,12.66,50.5
1625,2014,13,7,0.291,285.27,90.06,10.26,50.16
1626,2014,14,7,0.314,286.52,90.84,9.14,49.99
1627,2014,15,7,0.340,287.42,91.09,10.93,51.01
1628,2014,16,7,0.369,288.13,90.89,17.76,54.32
1629,2014,17,7,0.397,288.85,88.93,25.82,57.38
1630,2014,18,7,0.423,289.42,87.58,31.65,59.62
1631,2014,19,7,0.449,289.97,86.34,35.15,60.74
1632,2014,20,7,0.467,290.25,84.93,40.55,62.72
1633,2014,21,7,0.484,290.67,83.48,45.77,64.62
1634,2014,22,7,0.500,291.44,82.87,43.97,63.4
1635,2014,23,7,0.512,292.32,83.99,38.25,61.1
1636,2014,24,7,0.517,292.76,84.0,35.7,59.85
1637,2014,25,7,0.522,293.46,83.7,30.33,57.01
1638,2014,26,7,0.521,293.92,81.77,28.66,55.21
1639,2014,27,7,0.517,294.41,79.5,27.58,53.54
1640,2014,28,7,0.509,294.44,77.66,30.39,54.02
1641,2014,29,7,0.506,294.6,77.88,30.35,54.11
1642,2014,30,7,0.504,294.86,78.86,28.81,53.83
1643,2014,31,7,0.495,294.62,76.55,32.17,54.36
1644,2014,32,7,0.489,294.14,75.42,37.23,56.33
1645,2014,33,7,0.486,293.75,75.82,40.1,57.96
1646,2014,34,7,0.481,293.23,77.24,40.3,58.77
1647,2014,35,7,0.472,292.4,79.01,38.7,58.86
1648,2014,36,7,0.460,291.34,79.55,36.45,58.0
1649,2014,37,7,0.450,290.4,80.87,31.69,56.28
1650,2014,38,7,0.433,289.62,79.08,26.71,52.9
1651,2014,39,7,0.401,288.26,72.38,27.18,49.78
1652,2014,40,7,0.363,286.12,62.38,36.35,49.37
1653,2014,41,7,0.332,284.56,57.1,37.04,47.07
1654,2014,42,7,0.308,283.18,56.6,33.31,44.95
1655,2014,43,7,0.280,281.74,56.63,28.88,42.75
1656,2014,44,7,0.248,280.0,54.89,26.18,40.53
1657,2014,45,7,0.225,277.47,56.61,28.81,42.71
1658,2014,46,7,0.190,274.09,50.85,35.49,43.17
1659,2014,47,7,0.163,271.49,48.31,38.68,43.49
1660,2014,48,7,0.145,270.08,47.46,38.21,42.83
1661,2014,49,7,0.133,269.1,46.61,36.48,41.55
1662,2014,50,7,0.131,268.35,50.75,32.94,41.85
1663,2014,51,7,0.130,267.88,56.47,29.91,43.19
1664,2014,52,7,0.126,267.37,58.88,29.24,44.06
1665,2015,01,7,0.122,266.97,60.04,29.77,44.9
1666,2015,02,7,0.117,266.94,61.52,29.96,45.74
1667,2015,03,7,0.119,267.38,64.84,29.22,47.03
1668,2015,04,7,0.128,268.37,68.38,26.87,47.63
1669,2015,05,7,0.135,269.37,66.58,28.29,47.43
1670,2015,06,7,0.143,270.68,64.37,29.71,47.04
1671,2015,07,7,0.150,271.98,62.39,30.77,46.58
1672,2015,08,7,0.166,274.17,65.34,28.3,46.82
1673,2015,09,7,0.182,276.51,67.99,25.33,46.66
1674,2015,10,7,0.197,278.22,69.31,24.93,47.12
1675,2015,11,7,0.209,279.37,68.81,27.27,48.04
1676,2015,12,7,0.229,280.76,71.13,28.88,50.0
1677,2015,13,7,0.249,282.61,73.08,25.94,49.51
1678,2015,14,7,0.268,284.38,72.3,22.92,47.61
1679,2015,15,7,0.292,286.09,72.12,20.6,46.36
1680,2015,16,7,0.326,287.67,74.48,21.37,47.92
1681,2015,17,7,0.361,289.17,75.62,23.0,49.31
1682,2015,18,7,0.396,289.99,77.38,26.71,52.05
1683,2015,19,7,0.428,290.56,78.68,29.95,54.32
1684,2015,20,7,0.459,291.16,81.55,32.34,56.94
1685,2015,21,7,0.490,291.97,85.04,33.48,59.26
1686,2015,22,7,0.510,292.55,86.47,33.45,59.95
1687,2015,23,7,0.521,293.03,87.6,31.53,59.56
1688,2015,24,7,0.528,293.4,88.66,29.01,58.83
1689,2015,25,7,0.533,293.95,88.91,24.77,56.84
1690,2015,26,7,0.533,294.51,87.53,21.79,54.66
1691,2015,27,7,0.523,294.8,82.45,22.52,52.48
1692,2015,28,7,0.518,295.44,80.69,17.62,49.15
1693,2015,29,7,0.513,295.96,79.22,12.92,46.07
1694,2015,30,7,0.503,296.31,76.02,10.77,43.4
1695,2015,31,7,0.489,296.68,70.43,6.49,38.46
1696,2015,32,7,0.471,296.65,62.28,6.01,34.15
1697,2015,33,7,0.457,296.64,56.89,4.97,30.93
1698,2015,34,7,0.441,295.92,51.95,7.28,29.62
1699,2015,35,7,0.419,294.52,48.29,13.35,30.82
1700,2015,36,7,0.408,293.4,51.81,15.09,33.45
1701,2015,37,7,0.396,291.79,55.17,18.88,37.03
1702,2015,38,7,0.377,290.27,53.7,20.44,37.07
1703,2015,39,7,0.347,288.72,48.23,22.2,35.21
1704,2015,40,7,0.309,286.32,37.68,33.27,35.48
1705,2015,41,7,0.288,284.62,36.54,35.34,35.94
1706,2015,42,7,0.280,283.43,43.76,30.08,36.92
1707,2015,43,7,0.268,282.43,51.46,22.54,37.0
1708,2015,44,7,0.254,281.92,58.43,12.96,35.7
1709,2015,45,7,0.249,280.88,69.97,9.73,39.85
1710,2015,46,7,0.230,279.11,72.99,11.4,42.19
1711,2015,47,7,0.208,277.03,73.04,14.32,43.68
1712,2015,48,7,0.191,275.43,72.13,15.96,44.04
1713,2015,49,7,0.185,274.64,74.78,14.09,44.44
1714,2015,50,7,0.183,274.37,79.74,8.99,44.37
1715,2015,51,7,0.175,273.21,82.3,9.3,45.8
1716,2015,52,7,0.159,270.8,79.36,16.47,47.91
1717,2016,01,7,0.141,268.31,72.72,24.66,48.69
1718,2016,02,7,0.125,266.76,66.63,30.52,48.58
1719,2016,03,7,0.118,266.29,63.57,33.42,48.49
1720,2016,04,7,0.123,267.33,64.52,31.49,48.01
1721,2016,05,7,0.132,269.34,64.31,28.69,46.5
1722,2016,06,7,0.142,271.25,63.39,26.86,45.13
1723,2016,07,7,0.149,272.43,61.71,27.42,44.56
1724,2016,08,7,0.156,272.5,60.85,33.07,46.96
1725,2016,09,7,0.161,271.83,58.12,42.8,50.46
1726,2016,10,7,0.160,271.1,53.27,53.11,53.19
1727,2016,11,7,0.231,279.56,77.98,25.14,51.56
1728,2016,12,7,0.254,280.96,81.09,27.23,54.16
1729,2016,13,7,0.275,282.29,83.34,27.45,55.4
1730,2016,14,7,0.299,283.61,84.78,27.56,56.17
1731,2016,15,7,0.327,284.91,86.31,28.91,57.61
1732,2016,16,7,0.355,285.6,85.61,37.83,61.72
1733,2016,17,7,0.384,286.69,84.3,43.46,63.88
1734,2016,18,7,0.412,287.73,83.45,46.27,64.86
1735,2016,19,7,0.436,288.65,81.97,47.07,64.52
1736,2016,20,7,0.462,289.88,83.14,43.84,63.48
1737,2016,21,7,0.489,291.13,84.97,40.9,62.94
1738,2016,22,7,0.508,291.91,85.96,39.07,62.51
1739,2016,23,7,0.522,292.75,87.81,34.04,60.92
1740,2016,24,7,0.529,293.54,88.67,27.72,58.2
1741,2016,25,7,0.534,294.16,88.86,22.56,55.71
1742,2016,26,7,0.534,294.37,87.66,23.35,55.51
1743,2016,27,7,0.529,294.69,85.28,24.11,54.7
1744,2016,28,7,0.528,295.17,85.79,21.5,53.65
1745,2016,29,7,0.523,295.2,84.78,22.75,53.77
1746,2016,30,7,0.516,295.35,82.66,22.61,52.63
1747,2016,31,7,0.504,295.54,78.11,20.68,49.4
1748,2016,32,7,0.494,295.67,74.84,18.34,46.59
1749,2016,33,7,0.486,295.79,72.78,15.2,43.99
1750,2016,34,7,0.470,295.53,68.51,11.94,40.23
1751,2016,35,7,0.448,294.65,64.02,11.53,37.77
1752,2016,36,7,0.425,293.67,60.62,12.09,36.36
1753,2016,37,7,0.406,292.37,60.02,13.47,36.74
1754,2016,38,7,0.381,290.7,56.25,16.25,36.25
1755,2016,39,7,0.339,288.05,45.66,28.32,36.99
1756,2016,40,7,0.295,284.95,32.15,46.12,39.14
1757,2016,41,7,0.264,282.28,26.15,56.76,41.45
1758,2016,42,7,0.238,279.59,24.99,62.69,43.84
1759,2016,43,7,0.211,277.51,25.49,59.89,42.69
1760,2016,44,7,0.186,275.98,25.58,53.56,39.57
1761,2016,45,7,0.169,274.11,29.14,48.93,39.03
1762,2016,46,7,0.159,272.03,35.84,46.69,41.26
1763,2016,47,7,0.140,269.21,37.45,50.0,43.73
1764,2016,48,7,0.127,267.33,39.06,51.02,45.04
1765,2016,49,7,0.121,266.77,40.37,47.16,43.77
1766,2016,50,7,0.121,266.09,45.19,42.92,44.05
1767,2016,51,7,0.120,265.11,50.53,41.39,45.96
1768,2016,52,7,0.112,263.7,50.19,43.26,46.73
1769,2017,01,7,0.107,263.46,50.1,41.96,46.03
1770,2017,02,7,0.103,263.18,49.81,41.43,45.62
1771,2017,03,7,0.099,262.31,47.96,44.03,45.99
1772,2017,04,7,0.102,262.29,48.08,44.63,46.36
1773,2017,05,7,0.108,264.34,48.08,41.18,44.63
1774,2017,06,7,0.119,267.65,49.9,35.58,42.74
1775,2017,07,7,0.133,271.27,53.32,28.66,40.99
1776,2017,08,7,0.154,274.21,60.19,24.12,42.15
1777,2017,09,7,0.177,276.48,65.89,22.55,44.22
1778,2017,10,7,0.199,279.07,70.41,19.32,44.86
1779,2017,11,7,0.218,281.28,72.42,17.05,44.73
1780,2017,12,7,0.243,283.04,76.61,16.72,46.67
1781,2017,13,7,0.267,284.8,80.42,13.35,46.88
1782,2017,14,7,0.292,286.15,81.88,11.79,46.84
1783,2017,15,7,0.315,286.96,81.73,14.19,47.96
1784,2017,16,7,0.336,287.4,78.34,23.07,50.7
1785,2017,17,7,0.359,287.53,74.64,36.0,55.32
1786,2017,18,7,0.386,288.1,73.68,42.8,58.24
1787,2017,19,7,0.417,289.15,74.45,42.81,58.63
1788,2017,20,7,0.450,290.36,77.67,40.0,58.83
1789,2017,21,7,0.481,291.38,80.98,39.25,60.11
1790,2017,22,7,0.501,291.81,82.75,40.45,61.59
1791,2017,23,7,0.515,292.37,84.98,37.89,61.43
1792,2017,24,7,0.527,293.22,88.28,31.23,59.75
1793,2017,25,7,0.535,293.66,89.97,28.36,59.17
1794,2017,26,7,0.536,293.92,89.65,28.77,59.21
1795,2017,27,7,0.532,294.37,87.7,28.15,57.93
1796,2017,28,7,0.529,294.55,87.43,29.57,58.5
1797,2017,29,7,0.523,294.47,85.93,32.31,59.12
1798,2017,30,7,0.515,294.54,83.44,33.14,58.29
1799,2017,31,7,0.504,294.66,79.75,32.1,55.92
1800,2017,32,7,0.492,294.41,75.27,34.21,54.74
1801,2017,33,7,0.485,294.0,73.49,37.41,55.45
1802,2017,34,7,0.474,293.06,71.61,42.59,57.1
1803,2017,35,7,0.462,292.0,72.12,43.76,57.94
1804,2017,36,7,0.450,290.66,73.48,43.91,58.7
1805,2017,37,7,0.439,288.96,75.3,45.03,60.17
1806,2017,38,7,0.422,287.71,74.16,44.3,59.23
1807,2017,39,7,0.397,286.52,70.51,42.97,56.74
1808,2017,40,7,0.362,284.83,62.0,48.34,55.17
1809,2017,41,7,0.331,283.52,56.79,46.58,51.68
1810,2017,42,7,0.302,281.8,53.99,44.7,49.35
1811,2017,43,7,0.272,279.98,52.96,41.87,47.42
1812,2017,44,7,0.233,277.84,48.77,40.86,44.81
1813,2017,45,7,0.213,276.01,51.7,37.56,44.63
1814,2017,46,7,0.191,274.14,52.62,35.66,44.14
1815,2017,47,7,0.163,271.31,49.88,39.79,44.84
1816,2017,48,7,0.138,268.98,45.23,43.29,44.26
1817,2017,49,7,0.121,266.97,41.75,46.0,43.87
1818,2017,50,7,0.115,265.97,43.46,43.62,43.54
1819,2017,51,7,0.116,265.54,49.41,40.17,44.79
1820,2017,52,7,0.107,263.73,51.05,41.79,46.42
1821,2018,01,7,0.106,263.65,52.67,42.22,47.44
1822,2018,02,7,0.102,263.05,53.0,41.61,47.3
1823,2018,03,7,0.098,262.22,50.51,47.9,49.21
1824,2018,04,7,0.096,260.38,46.04,53.93,49.99
1825,2018,05,7,0.090,259.12,38.66,60.11,49.38
1826,2018,06,7,0.090,260.0,32.2,67.74,49.97
1827,2018,07,7,0.091,261.69,28.69,69.0,48.84
1828,2018,08,7,0.094,263.02,29.19,69.01,49.1
1829,2018,09,7,0.104,264.63,30.5,70.05,50.28
1830,2018,10,7,0.118,266.76,33.51,68.05,50.78
1831,2018,11,7,0.137,268.94,36.68,67.27,51.98
1832,2018,12,7,0.167,272.27,45.31,61.56,53.44
1833,2018,13,7,0.204,276.55,56.25,50.12,53.19
1834,2018,14,7,0.260,282.37,68.41,32.28,50.35
1835,2018,15,7,0.313,286.2,78.91,20.72,49.81
1836,2018,16,7,0.360,288.72,87.16,13.92,50.54
1837,2018,17,7,0.400,290.43,89.39,12.88,51.13
1838,2018,18,7,0.428,290.94,88.61,19.08,53.84
1839,2018,19,7,0.455,291.35,87.32,23.28,55.3
1840,2018,20,7,0.476,291.93,86.46,24.92,55.68
1841,2018,21,7,0.491,292.11,84.21,31.5,57.86
1842,2018,22,7,0.499,292.49,81.53,32.75,57.13
1843,2018,23,7,0.496,292.15,76.74,38.72,57.73
1844,2018,24,7,0.482,291.45,69.16,47.75,58.45
1845,2018,25,7,0.472,291.11,63.1,53.95,58.53
1846,2018,26,7,0.470,291.23,61.05,56.55,58.8
1847,2018,27,7,0.465,291.4,58.63,60.72,59.67
1848,2018,28,7,0.464,291.71,59.78,62.46,61.12
1849,2018,29,7,0.471,292.37,65.29,56.19,60.74
1850,2018,30,7,0.475,292.93,68.26,51.0,59.63
1851,2018,31,7,0.474,293.22,67.77,48.95,58.36
1852,2018,32,7,0.474,293.75,69.2,41.86,55.53
1853,2018,33,7,0.472,293.82,69.51,39.24,54.38
1854,2018,34,7,0.467,293.49,70.34,37.06,53.7
1855,2018,35,7,0.462,293.17,73.73,29.64,51.68
1856,2018,36,7,0.455,292.59,76.95,23.7,50.33
1857,2018,37,7,0.442,291.37,77.77,22.81,50.29
1858,2018,38,7,0.427,290.5,76.78,18.48,47.63
1859,2018,39,7,0.410,290.1,76.43,10.33,43.38
1860,2018,40,7,0.380,288.98,70.08,9.13,39.61
1861,2018,41,7,0.344,287.73,62.69,7.54,35.12
1862,2018,42,7,0.314,286.3,59.84,5.81,32.83
1863,2018,43,7,0.285,284.78,59.03,4.94,31.99
1864,2018,44,7,0.254,282.97,58.49,5.84,32.16
1865,2018,45,7,0.230,280.33,59.81,12.54,36.18
1866,2018,46,7,0.196,276.17,54.68,25.44,40.06
1867,2018,47,7,0.165,271.45,49.75,39.1,44.42
1868,2018,48,7,0.139,267.79,44.88,48.33,46.61
1869,2018,49,7,0.119,264.99,39.24,54.14,46.69
1870,2018,50,7,0.105,261.91,36.59,59.87,48.23
1871,2018,51,7,0.096,260.69,36.97,59.09,48.03
1872,2018,52,7,0.088,258.91,35.46,62.11,48.79
1873,2019,01,7,0.082,258.09,33.75,64.2,48.97
1874,2019,02,7,0.077,257.37,32.68,65.97,49.32
1875,2019,03,7,0.078,257.0,33.97,67.16,50.56
1876,2019,04,7,0.087,258.6,39.22,61.41,50.31
1877,2019,05,7,0.101,262.95,44.34,48.96,46.65
1878,2019,06,7,0.121,268.33,51.26,35.15,43.2
1879,2019,07,7,0.145,273.1,59.36,23.48,41.42
1880,2019,08,7,0.170,276.46,67.6,16.7,42.15
1881,2019,09,7,0.192,278.56,72.54,15.19,43.86
1882,2019,10,7,0.213,280.36,76.76,14.97,45.87
1883,2019,11,7,0.230,281.87,77.9,15.93,46.92
1884,2019,12,7,0.246,282.73,78.12,19.84,48.98
1885,2019,13,7,0.261,283.72,78.13,20.62,49.37
1886,2019,14,7,0.283,285.3,78.25,17.95,48.1
1887,2019,15,7,0.297,285.84,74.41,22.26,48.34
1888,2019,16,7,0.313,285.84,69.46,34.99,52.22
1889,2019,17,7,0.336,286.27,66.28,45.46,55.87
1890,2019,18,7,0.360,287.03,64.92,50.82,57.87
1891,2019,19,7,0.382,287.39,62.86,56.88,59.87
1892,2019,20,7,0.409,288.08,63.79,59.68,61.74
1893,2019,21,7,0.441,289.48,67.15,56.05,61.6
1894,2019,22,7,0.461,290.17,67.85,55.24,61.55
1895,2019,23,7,0.479,291.23,70.88,48.29,59.59
1896,2019,24,7,0.501,292.74,76.84,35.94,56.39
1897,2019,25,7,0.507,292.96,76.74,35.88,56.31
1898,2019,26,7,0.508,293.08,75.41,38.03,56.72
1899,2019,27,7,0.507,293.61,74.58,36.85,55.72
1900,2019,28,7,0.504,293.67,74.27,40.03,57.15
1901,2019,29,7,0.499,293.74,73.63,40.73,57.18
1902,2019,30,7,0.497,294.17,73.92,36.7,55.31
1903,2019,31,7,0.493,294.67,73.07,31.18,52.12
1904,2019,32,7,0.486,294.99,71.4,26.52,48.96
1905,2019,33,7,0.480,295.18,70.44,22.55,46.5
1906,2019,34,7,0.474,294.99,70.91,18.51,44.71
1907,2019,35,7,0.462,294.04,70.79,18.83,44.81
1908,2019,36,7,0.449,293.24,71.46,16.56,44.01
1909,2019,37,7,0.437,292.56,72.8,11.69,42.24
1910,2019,38,7,0.416,291.37,69.9,10.37,40.13
1911,2019,39,7,0.386,290.27,64.59,8.36,36.48
1912,2019,40,7,0.355,289.26,57.55,6.0,31.77
1913,2019,41,7,0.326,288.11,53.26,3.66,28.46
1914,2019,42,7,0.304,286.64,53.96,2.64,28.3
1915,2019,43,7,0.284,285.02,57.76,2.83,30.3
1916,2019,44,7,0.260,283.46,60.59,2.51,31.55
1917,2019,45,7,0.250,282.11,69.63,2.54,36.09
1918,2019,46,7,0.232,280.67,72.85,3.47,38.16
1919,2019,47,7,0.216,279.16,75.69,4.37,40.03
1920,2019,48,7,0.204,277.89,77.27,4.98,41.13
1921,2019,49,7,0.196,276.84,78.72,4.55,41.64
1922,2019,50,7,0.191,275.86,83.07,2.64,42.86
